ContactName,AccountNumber,POAddressLine1,POAddressLine2,POAddressLine3,POAddressLine4,POCity,PORegion,POPostalCode,POCountry,PhoneNumber,MobileNumber,FaxNumber,EmailAddress,Website,SAAttentionTo,SAAddressLine1,SAAddressLine2,SAAddressLine3,SAAddressLine4,SACity,SARegion,SAPostalCode,SACountry,Discount,TaxNumber,BankAccountNumber,BankAccountName,SalesAccount,DueDateSalesDay,DueDateSalesTerm
ZZ Prime International Consultants,,PO Box 7108,,,,Cloisters Sqr,WA,6850,,,,,,,,PO Box 7108,,,,,WA,6850.0,,0.0,,,,,30.0,5.0
ChoiceOne,,,,,,,,,,,,,,,,,,,,,,,,0.0,,,,,30.0,5.0
Acacia Prison,,,,,,,,,,9573 3161,Shared Services,9573 3350,kier.tenardi@serco-ap.com.au,,,,,,,,,,,0.0,,,,,30.0,5.0
Ascot Nursing Home,,,,,,,,,,,,,,,,,,,,,,,,0.0,,,,,30.0,5.0
Attadale Hospital,,,,,,,,,,,,,accountspayable.vim@ramsayhealth.com.au,,,,,,,,,,,0.0,,,,,30.0,5.0
Bandyup Women's Prison,,,,,,,,,,9374 8794,,,dianne.elder@correctiveservices.wa.gov.au,,,,,,,,,,,0.0,,,,,30.0,5.0
Banksia Hill Detention Centre,,,,,,,,,,9333 9130,,9333 9150,raewyn.ransfield@correctiveservices.wa.gov.au,roz.o'shea@correctiveservices.wa.gov.au,Roz O'Shea,,,,,,,,,0.0,,,,,30.0,5.0
Braemar House,,,,,,,,,,,,,accountsmailbox@braemar.org.au,,,,,,,,,,,0.0,,,,,30.0,5.0
Brightwater Biralee,,,,,,,,,,6184 8545,,,accounts.payable@brightwatergroup.com,Vendor Code 000605,,,,,,,,,,0.0,,,,,30.0,2.0
Brightwater Kingsley,,,,,,,,,,9202 2876,,,accounts.payable@brightwatergroup.com,Vendor Code 000605,,,,,,,,,,0.0,,,,,30.0,2.0
Brightwater Madeley,,,,,,,,,,9202 2876,,,accounts.payable@brightwatergroup.com,Vendor Code 000605,,,,,,,,,,0.0,,,,,30.0,2.0
Brightwater Marangaroo,,,,,,,,,,9202 2876,,,accounts.payable@brightwatergroup.com,Vendor Code 000605,,,,,,,,,,0.0,,,,,30.0,5.0
Brightwater Onslow Gardens,,,,,,,,,,9202 2876,,,accounts.payable@brightwatergroup.com,Vendor Code 000605,,,,,,,,,,0.0,,,,,30.0,5.0
Brightwater Oxford Gardens,,,,,,,,,,9202 2876,,,accounts.payable@brightwatergroup.com,Vendor Code 000605,,,,,,,,,,0.0,,,,,30.0,5.0
Brightwater The Cove,,,,,,,,,,9202 2876,,,accounts.payable@brightwatergroup.com,Vendor Code 000605,,,,,,,,,,0.0,,,,,30.0,5.0
Brightwater The Oaks,,,,,,,,,,9202 2876,,,accounts.payable@brightwatergroup.com,Vendor Code 000605,,,,,,,,,,0.0,,,,,30.0,5.0
Brightwater The Village,,,,,,,,,,9202 2876,,,accounts.payable@brightwatergroup.com,Vendor Code 000605,,,,,,,,,,0.0,,,,,30.0,5.0
Carine Senior High School,,,,,,,,,,9243 9100,,,tina.magatelli2@education.wa.edu.au,,,,,,,,,,,0.0,,,,,30.0,5.0
Carinya Nursing Home,,,,,,,,,,,,,,,,,,,,,,,,0.0,,,,,30.0,5.0
Carrington Aged Care,,,,,,,,,,,,,,,,,,,,,,,,0.0,,,,,30.0,5.0
Catherine McAuley Nursing Home,,,,,,,,,,,,,,,,,,,,,,,,0.0,,,,,30.0,5.0
Central City Dental Care,,,,,,,,,,,,,,,,,,,,,,,,0.0,,,,,30.0,5.0
Cerebral Palsy Association,,,,,,,,,,,,,,,,,,,,,,,,0.0,,,,,30.0,5.0
Clarkson Community High School,,,,,,,,,,,,,,,,,,,,,,,,0.0,,,,,30.0,5.0
Court Assessment & Treatment Services,,,,,,,,,,,,,,,,,,,,,,,,0.0,,,,,30.0,5.0
Baptistcare - David Buttfield Centre,,,,,,,,,,9282 8600,,,accounts.payable@baptistcare.com.au,,,,,,,,,,,0.0,,,,,30.0,5.0
Ella Williams House,,,,,,,,,,,,,,,,,,,,,,,,0.0,,,,,30.0,5.0
Fredrick Guest Hostel,,,,,,,,,,,,,,,,,,,,,,,,0.0,,,,,30.0,5.0
Freshwater Bay Nursing Home,,,,,,,,,,,,,,,,,,,,,,,,0.0,,,,,30.0,5.0
Glengarry Hospital,,,,,,,,,,1800 738 745,,,AccountsPayable.vim@ramsayhealth.com.au,,,,,,,,,,,0.0,,,,,30.0,5.0
Baptistcare - Gracehaven,,,,,,,,,,9282 8616,Melissa - Head Office,,melissa.mendolia@baptistcare.com.au,,,,,,,,,,,0.0,,,,,30.0,5.0
Grandview Aged Care,,,,,,,,,,,,,,,,,,,,,,,,0.0,,,,,30.0,5.0
Hakea Prison,,,,,,,,,,9366 6376,,,shirley.gardner@correctiveservices.wa.gov.au,kaye.couzens@correctiveservices.wa.gov.au,Shirley Gardner,,,,,,,,,0.0,,,,,30.0,5.0
Hammersley Nursing Home,,,,,,,,,,,,,,,,,,,,,,,,0.0,,,,,30.0,5.0
Hollywood Private Hospital,,,,,,,,,,,,,AccountsPayable.vim@ramsayhealth.com.au,,,,,,,,,,,0.0,,,,,30.0,5.0
Italian Aged Care,,,,,,,,,,9247 0888,,,natasha@iaci.com.au,,Accts Payable,,,,,,,,,0.0,,,,,30.0,5.0
John Mercer Lodge,,,,,,,,,,,,,,,,,,,,,,,,0.0,,,,,30.0,5.0
Joondalup Health Campus,,,,,,,,,,1800 738745,,,accountspayable.vim@ramsayhealth.com.au,Code 275,,,,,,,,,,0.0,,,,,30.0,5.0
Kalamunda District Community Hospital,,,,,,,,,,6444 5143,,,HCN.NurseWestAdminFinance@health.wa.gov.au,,,,,,,,,,,0.0,,,,,30.0,5.0
Kaleeya Hospital,,,,,,,,,,,,,,,,,,,,,,,,0.0,,,,,30.0,5.0
Karrinyup Road Dental Centre,,,,,,,,,,,,,,,,,,,,,,,,0.0,,,,,30.0,5.0
King Edward Memorial Hospital,,,,,,,,,,6444 5143,,,hcn.apfinance@health.wa.gov.au,,,,,,,,,,,0.0,,,,,30.0,5.0
Koh-I-Noor,,,,,,,,,,,,,,,,,,,,,,,,0.0,,,,,30.0,5.0
Lady McCusker Home,,,,,,,,,,,,,,,,,,,,,,,,0.0,,,,,30.0,5.0
Leighton Nursing Home,,,,,,,,,,,,,,,,,,,,,,,,0.0,,,,,30.0,5.0
McDougall Park Nursing Home,,,,,,,,,,9327 9920,,,,,Hall & Prior,,,,,,,,,0.0,,,,,30.0,5.0
St John of God - Mt Lawley,,Yvette in accounts -,,,,,,,,0861160358,,,group.accountspayable@sjog.org.au,Kelly.Fair@sjog.org.au,,,,,,,,,,0.0,,,,,30.0,5.0
Mount Hospital,c.93,,,,,,,,,1300 854 535,,,AP.Payments@healthscope.com.au,,,,,,,,,,,0.0,,,,,30.0,5.0
Mount Lawley Private Hospital,,,,,,,,,,,,,,,,,,,,,,,,0.0,,,,,30.0,5.0
Nursewest,,sarah.siave@health.wa.gov.au,,,,,,,,,,,HCN.apfinance@health.wa.gov.au,,,,,,,,,,,0.0,,,,,30.0,5.0
Osborne Park Hospital,,,,,,,,,,6444 5143,,,HCN.NurseWestAdminFinance@health.wa.gov.au,,,,,,,,,,,0.0,,,,,30.0,5.0
Parkview Nursing Home,,,,,,,,,,,,,,,,,,,,,,,,0.0,,,,,30.0,5.0
Parry Hostel,,,,,,,,,,1300 784 954,,,,,,,,,,,,,,0.0,,,,,30.0,5.0
Peel Health Campus,,,,,,,,,,1800 738 745,,,accountspayable.vim@ramsayhealth.com.au,,,,,,,,,,,0.0,,,,,30.0,5.0
Perth Clinic,,,,,,,,,,9481 4888,,,elainei@perthclinic.com.au,,,,,,,,,,,0.0,,,,,30.0,5.0
Peter Arney Home,,,,,,,,,,,,,,,,,,,,,,,,0.0,,,,,30.0,5.0
Princess Margaret Hospital,,,,,,,,,,6444 5143,,,hcn.apfinance@health.wa.gov.au,,,,,,,,,,,0.0,,,,,30.0,5.0
Quadriplegic Centre,,,,,,,,,,,,,qcaccountspayable@health.wa.gov.au,,,,,,,,,,,0.0,,,,,30.0,5.0
Rangeview Health Centre,,,,,,,,,,9333 9130,,,raewyn.ransfield@correctiveservices.wa.gov.au,,,,,,,,,,,0.0,,,,,30.0,5.0
Regents Garden Lake Joondalup,,,,,,,,,,,,,accounts@regentsgarden.com.au,,,,,,,,,,,0.0,,,,,30.0,5.0
Regents Gardens Four Seasons,,,,,,,,,,,,,accounts@regentsgarden.com.au,,,,,,,,,,,0.0,,,,,30.0,5.0
Rockingham - Kwinana District Hospital,,,,,,,,,,6444 5143,,,hcn.apfinance@health.wa.gov.au,,,,,,,,,,,0.0,,,,,30.0,5.0
Royal Perth Hospital,,,,,,,,,,6444 5143,,,hss.nursewestadministrationfinance@health.wa.gov.au,,,,,,,,,,,0.0,,,,,30.0,5.0
Sandstrom Aged Care Facility,,,,,,,,,,,,,,,,,,,,,,,,0.0,,,,,30.0,5.0
Sarah Hardy House,,,,,,,,,,,,,,,,,,,,,,,,0.0,,,,,30.0,5.0
Shawford Lodge,,,,,,,,,,,,,,,,,,,,,,,,0.0,,,,,30.0,5.0
Shenton Park,,,,,,,,,,6444 5143,,,hcn.apfinance@health.wa.gov.au,at Fiona Stanley Hosp,,,,,,,,,,0.0,,,,,30.0,5.0
Silver Chain - Kingsley Hospice,,,,,,,,,,,,,,,,,,,,,,,,0.0,,,,,30.0,5.0
Silver Chain - Murdoch Hospice,,,,,,,,,,,,,,,,,,,,,,,,0.0,,,,,30.0,5.0
St Francis Nursing Home,,,,,,,,,,,,,,,,,,,,,,,,0.0,,,,,30.0,5.0
St Michaels Residential Care,,,,,,,,,,,,,,,,,,,,,,,,0.0,,,,,30.0,5.0
St Vincents Aged Care,,,,,,,,,,-279 5055,,,jenny.martin@catholichomes.com,,,,,,,,,,,0.0,,,,,30.0,5.0
Swan Health Service,,,,,,,,,,6444 5143,,,hcn.apfinance@health.wa.gov.au,,,,,,,,,,,0.0,,,,,30.0,5.0
WA Turf Club,,,,,,,,,,9277 0777,,,,,,,,,,,,,,0.0,,,,,30.0,5.0
Waikiki Private Hospital,,,,,,,,,,,,,,,,,,,,,,,,0.0,,,,,30.0,5.0
Windsor Park Nursing Home,,,,,,,,,,,,,,,,,,,,,,,,0.0,,,,,30.0,5.0
Armadale Health Service,,,,,,,,,,6444 5143,,,HCN.NurseWestAdminFinance@health.wa.gov.au,,,,,,,,,,,0.0,,,,,30.0,5.0
St John of God - Subiaco,,Group.accountspayable@sjog.org.au,Individually in PDF attachment with the word STATEMENT on the subject line,,,,,,,9261 3315,,,group.accountspayable@sjog.org.au,,,,,,,,,,,0.0,,,,,30.0,5.0
Odontia,,,,,,,,,,,,,,,,,,,,,,,,0.0,,,,,30.0,5.0
Bentley Hospital,,,,,,,,,,9334 3611,,,,,,,,,,,,,,0.0,,,,,30.0,5.0
St John of God - Murdoch,,,,,,,,,,9261 3315,9261 3320 finance,,group.accountspayable@sjog.org.au,,,,,,,,,,,0.0,,,,,30.0,5.0
Perth Radiological Clinic Midland,,,,,,,,,,,,,Matt.McQuillan@perthradclinic.com.au,,,,,,,,,,,0.0,,,,,30.0,5.0
Radiowave Therapy Clinic,,,,,,,,,,,,,,,,,,,,,,,,0.0,,,,,30.0,5.0
Casuarina Prison - Outpatients,,***NO CREDIT NOTES***,,,,,,,,,,,,,,,,,,,,,,0.0,,,,,30.0,5.0
Casuarina Prison - Infirmary,,***NO CREDIT NOTES***,,,,,,,,08 9411 5444,9264 6225 head office,08 9411 5437,dawn.penhorwood@correctiveservices.wa.gov.au,,Kaye Couzins,,,,,,,,,0.0,,,,,30.0,5.0
Silver Chain - Crisis Respite Care,,,,,,,,,,,,,,,,,,,,,,,,0.0,,,,,30.0,5.0
Bethesda Hospital Inc,,,,,,,,,,9340 6422,,,,,,,,,,,,,,0.0,,,,,30.0,5.0
Armadale Health Service and Mental Health,,,,,,,,,,see card details,,,beatrice.forbes@health.wa.gov.au,,,,,,,,,,,0.0,,,,,30.0,5.0
Graylands Hospital,,,,,,,,,,6444 5143,,,,,,,,,,,,,,0.0,,,,,30.0,5.0
Murdoch Dental Centre,,,,,,,,,,,,,,,,,,,,,,,,0.0,,,,,30.0,5.0
Shoalwater Nursing Home,,,,,,,,,,,,,,,,,,,,,,,,0.0,,,,,30.0,5.0
Brightwater Manning,,,,,,,,,,9202 2876,,,accounts.payable@brightwatergroup.com,Vendor Code 000605,,,,,,,,,,0.0,,,,,30.0,5.0
Castledare Village,,,,,,,,,,,,,,,,,,,,,,,,0.0,,,,,30.0,5.0
Alma Street Centre,,,,,,,,,,6444 5143,,,HCN.NurseWestAdminFinance@health.wa.gov.au,,,,,,,,,,,0.0,,,,,30.0,5.0
Fremantle Hospital & Health Service,,HSS.NurseWestAdministrationFinance@health.wa.gov.au,,,,,,,,6444 5143,,,hss.apvendor@health.wa.gov.au,,,,,,,,,,,0.0,,,,,30.0,5.0
Disability Services Commission,,,,,,,,,,9426 9200,,,,,,,,,,,,,,0.0,,,,,30.0,5.0
Sir Charles Gairdner Hospital - PCA,,;rushton.hunt@health.wa.gov.au.;Luba.Kovalenko@health.wa.gov.au,,,,,,,,6444 5143,,,SCGOPHCGFinance.ClinicalCorporate@health.wa.gov.au,,,,,,,,,,,0.0,,,,,30.0,2.0
Dental Integrity,,,,,,,,,,,,,,,,,,,,,,,,0.0,,,,,30.0,5.0
Brightwater Oat Street,,,,,,,,,,9202 2876,site - see details,,accounts.payable@brightwatergroup.com,Vendor Code 000605,,,,,,,,,,0.0,,,,,30.0,2.0
Woodlake Aged Care (aegis),,,,,,,,,,,,,woodlake@aegiscare.com.au,,,,,,,,,,,0.0,,,,,30.0,5.0
Brightwater Balcatta,,,,,,,,,,9202 2876,,,accounts.payable@brightwatergroup.com,Vendor Code 000605,,,,,,,,,,0.0,,,,,30.0,5.0
Armadale Nursing Centre,,,,,,,,,,9399 3132,,9497 3928,,,,,,,,,,,,0.0,,,,,30.0,5.0
123 Dental,,,,,,,,,,,,,,,,,,,,,,,,0.0,,,,,30.0,5.0
Weston Lodge,,,,,,,,,,,,,,,,,,,,,,,,0.0,,,,,30.0,5.0
Elloura Lodge,,,,,,,,,,(03) 8573-0444,,(03) 8573-0422,accountspayable@regis.com.au,,,,,,,,,,,0.0,,,,,30.0,5.0
Craigwood (Craigcare Como),,,,,,,,,,,,,,,,,,,,,,,,0.0,,,,,30.0,5.0
Maurice Zeffert Home (Inc),,,,,,,,,,9375 4600,,,accounts@mzh.org.au,,,,,,,,,,,0.0,,,,,30.0,5.0
Bassendean Aged Care-AEGIS,,,,,,,,,,,,,,,,,,,,,,,,0.0,,,,,30.0,5.0
Silver Chain - Maddington,,,,,,,,,,,,,,,,,,,,,,,,0.0,,,,,30.0,5.0
Winthrop Dental Clinic,,,,,,,,,,,,,,,,,,,,,,,,0.0,,,,,30.0,5.0
Mindarie Quinns Dental Centre,,,,,,,,,,,,,,,,,,,,,,,,0.0,,,,,30.0,5.0
Wesley College,,,,,,,,,,,,,,,,,,,,,,,,0.0,,,,,30.0,5.0
Wooroloo Prison Farm,,,,,,,,,,,,,,,,,,,,,,,,0.0,,,,,30.0,5.0
Ellenbrook Dental Clinic,,,,,,,,,,,,,,,,,,,,,,,,0.0,,,,,30.0,5.0
Hakea Co-Morbidity,,,,,,,,,,9264 1093,OSS1300345677,,,,,,,,,,,,,0.0,,,,,30.0,5.0
Northbridge Dental Clinic,,,,,,,,,,,,,,,,,,,,,,,,0.0,,,,,30.0,5.0
Kardinya Dental,,,,,,,,,,,,,,,,,,,,,,,,0.0,,,,,30.0,5.0
Hills Family Dental Centre,,,,,,,,,,,,,,,,,,,,,,,,0.0,,,,,30.0,5.0
Eastern Goldfields Regional Prison,,,,,,,,,,,,,,,,,,,,,,,,0.0,,,,,30.0,5.0
Roleystone District High School,,,,,,,,,,,,,,,,,,,,,,,,0.0,,,,,30.0,5.0
Nursewest Public Health Division,,,,,,,,,,,,,,,,,,,,,,,,0.0,,,,,30.0,5.0
Sir Charles Gairdner Hospital - Ward D20,,,,,,,,,,6444 5143,,,hcn.apfinance@health.wa.gov.au,,,,,,,,,,,0.0,,,,,30.0,5.0
Swan Health Service Mental Health,,,,,,,,,,9347 5789,,,rodney.gingrich@health.wa.gov.au,,,,,,,,,,,0.0,,,,,30.0,5.0
Greenough Regional Prison,,,,,,,,,,9923 6528,,,,,,,,,,,,,,0.0,,,,,30.0,5.0
Joondalup Health Campus Mental Health Unit.,,,,,,,,,,,,,accountspayable.vim@ramsayhealth.com.au,,,,,,,,,,,0.0,,,,,30.0,5.0
Kevin and Christine Cass-Ryall,,,,,,,,,,,,,cass-ryalk@ramsayhealth.com.au,,,,,,,,,,,0.0,,,,,30.0,5.0
Julie Beeck,,,,,,,,,,,,,julie.beeck@synovate.com,,,,,,,,,,,0.0,,,,,30.0,5.0
Chris and Vicki Prastidis,,,,,,,,,,,,,chrisp@wavessurfwear.com,,,,,,,,,,,0.0,,,,,30.0,5.0
Debbie Karasinski,,,,,,,,,,,,,dkarasinski@senses.asn.au,,,,,,,,,,,0.0,,,,,30.0,5.0
Bernie & Dawn Eastman,,Director,BDMS Eastman Pty Ltd,4 Gifford Gardens,,CITY BEACH,WA,6015,,,,,eastman@vianet.net.au,,,,,,,,,,,0.0,,,,,30.0,5.0
Tony & Carolyn Monissee,,,,,,,,,,,,,tony.monisse@brentnallswa.com.au,,,,,,,,,,,0.0,,,,,30.0,5.0
Harry and Rita Kleyn,,,,,,,,,,,,,harry@wabusinessnews.com.au,,,,,,,,,,,0.0,,,,,30.0,5.0
Graham Greenacre and Margaret,,,,,,,,,,,,,graham.greenacre@ghd.com.au,,,,,,,,,,,0.0,,,,,30.0,5.0
Mike & Hilary Gallagher,,,,,,,,,,,,,mike.gallagher@L-3com.com,,,,,,,,,,,0.0,,,,,30.0,5.0
Douglas Ockerby and Partner,,,,,,,,,,,,,doug@ockerby.com.au,,,,,,,,,,,0.0,,,,,30.0,5.0
Peter and Shelley Carter,,,,,,,,,,,,,pwc@crosbytiles.com.au,,,,,,,,,,,0.0,,,,,30.0,5.0
Carine Dental Surgery,,,,,,,,,,,,,,,,,,,,,,,,0.0,,,,,30.0,5.0
Booragoon Dental Clinic,,,,,,,,,,,,,,,,,,,,,,,,0.0,,,,,30.0,5.0
South East Metropolitan Languag Development Cntr,,,,,,,,,,,,,,,,,,,,,,,,0.0,,,,,30.0,5.0
Mitch Artus,,Managing Director,Downings Legal,PO Box 7222,,CLOISTERS SQUARE,WA,6850,,,,,martus@downings.com.au,,,,,,,,,,,0.0,,,,,30.0,5.0
Sonja Bogunovich,,Executive Dean School Business,University of Notre Dame Australia,PO Box 225,,FREMANTLE,WA,6959,,,,,sbogunovich@nd.edu.au,,,,,,,,,,,0.0,,,,,30.0,5.0
Anthony Monisse,,,,,,,,,,,,,tony.monisse@brentnallswa.com.au,,,,,,,,,,,0.0,,,,,30.0,5.0
Peter & Judy Stannard,,,,,,,,,,,,,pstannard@peterstannard.com.au,,,,,,,,,,,0.0,,,,,30.0,5.0
Nursing Australia,,,,,,,,,,13 10 95,,,sally.decarle@nursingaustralia.com,,,,,,,,,,,0.0,,,,,30.0,5.0
Culunga Aboriginal community school,,,,,,,,,,,,,,,,,,,,,,,,0.0,,,,,30.0,5.0
Brightwater Edgewater,,,,,,,,,,9202 2876,,,accounts.payable@brightwatergroup.com,Vendor Code 000605,,,,,,,,,,0.0,,,,,30.0,5.0
St Ives - Murdoch,,,,,,,,,,,,,,,,,,,,,,,,0.0,,,,,30.0,5.0
Pardelup Prison Farm,,,,,,,,,,,,,,,,,,,,,,,,0.0,,,,,30.0,5.0
Albany Regional Prison,,,,,,,,,,,,,,,,,,,,,,,,0.0,,,,,30.0,5.0
Casuarina Prison - Co Morbidity,,,,,,,,,,9411 5478,,,dawn.penhorwood@correctiveservices.wa.gov.au,,,,,,,,,,,0.0,,,,,30.0,5.0
ZZWood Recruitment,,PO Box 998,,,,Subiaco,WA,6904,,9221 8122,,9221 8277,,,,,,,,,,,,0.0,,,,,30.0,5.0
Brightwater Ellison House,,,,,,,,,,9202 2876,,,accounts.payable@brightwatergroup.com,Vendor Code 000605,,,,,,,,,,0.0,,,,,30.0,2.0
Communical Disease North Public Health Unit,,,,,,,,,,,,,,,,,,,,,,,,0.0,,,,,30.0,5.0
Stephen & Sue O'Keefe,,,,,,,,,,,,,saokeefe3011@gmail.com,,,,,,,,,,,0.0,,,,,30.0,5.0
Liam & Michelle Taylor,,,,,,,,,,,,,centremanager@surgefitness.com.au,,,,,,,,,,,0.0,,,,,30.0,5.0
"Bentley Hospital (wd 1,2,3,4 &5)",,,,,,,,,,6444 5143,,,HCN.NurseWestAdminFinance@health.wa.gov.au,,,,,,,,,,,0.0,,,,,30.0,5.0
"Bentley Adult Mental Health 6,7,8,9,10",,,,,,,,,,9334 3866,Lexie Wills,,blmhrosteroffice@health.wa.gov.au,hcn.apfinance@health.wa.gov.au,,,,,,,,,,0.0,,,,,30.0,5.0
Brightwater Sharon Ackerman,,,,,,,,,,9202 2876,,,accounts.payable@brightwatergroup.com,Vendor Code 000605,,,,,,,,,,0.0,,,,,30.0,5.0
Bentley Adolescent Unit (wd 5),,,,,,,,,,9416 3745,,,,hcn.apfinance@health.wa.gov.au,,,,,,,,,,0.0,,,,,30.0,5.0
Sir Charles Gairdner Hospital - AIN,,,,,,,,,,6457 2012,,,SCGOPHCGFinance.ClinicalCorporate@health.wa.gov.au,,,,,,,,,,,0.0,,,,,30.0,5.0
Steve Erceg,,38 East Churchill Avenue,,,,BEELIAR,WA,6164,,08 9434 1940,0477 507 168,,steve_erz@yahoo.com.au,,,,,,,,,,,0.0,,,,,30.0,5.0
Department of Child Protection,,,,,,,,,,9274 9411,,,Courtney.Buchanan@communities.wa.gov.au,,,,,,,,,,,0.0,,,,,30.0,5.0
Selby Lodge,,,,,,,,,,6444 5143,,,hcn.apfinance@health.wa.gov.au,,,,,,,,,,,0.0,,,,,30.0,5.0
Brightwater Care Group,,,,,,,,,,9202 2876,,,accounts.payable@brightwatergroup.com,Vendor Code 000605,,,,,,,,,,0.0,,,,,30.0,5.0
King Edward Memorial Hospital Mother & Baby,,,,,,,,,,6444 5143,,,hcn.apfinance@health.wa.gov.au,,,,,,,,,,,0.0,,,,,30.0,5.0
Department of Education,c.86,,,,,,,,,,,,shaun.gledhill@education.wa.edu.au,,,,,,,,,,,0.0,,,,,14.0,2.0
St John Ambulance - Australia,,,,,,,,,,9334 1289,,,human.resources@ambulance.net.au,accounts.payable@stjohnambulance.com.au,,,,,,,,,,0.0,,,,,30.0,5.0
Regis - Weston Lodge,,,,,,,,,,,,,westonoc@regis.com.au,,,,,,,,,,,0.0,,,,,30.0,5.0
Craig ZZ Van Heurck,,7 Watkins Road,,,,DALKEITH,WA,6009,,,,,,,,,,,,,,,,0.0,,,,8-1100,30.0,5.0
ZZTitan Recruitment,,PO Box 1209,,,,WEST PERTH,WA,6872,,,,,,,,,,,,,,,,0.0,,,,,30.0,5.0
Rockingham-Kwinana District Hospital Mental Health,,POSTED,,,,,,,,9599 4000 reception,,,,,,,,,,,,,,0.0,,,,,30.0,5.0
Amberly Nursing Home - Aegis,,,,,,,,,,6254 8225,,,accounts@aegiscare.com.au,,,,,,,,,,,0.0,,,,,30.0,5.0
ZZ Pact Construction,,PO Box 701,,,,Cloverdale,WA,6985,,9340 5900,0478 487 675,9201 8360,alongden@pactconstruction.com.au,pactconstruction.com.au,Site Manager,,,,,,,,,0.0,,,,6-2020,30.0,5.0
ZZ Wild West Hyundai,,PO Box 1578,Wangara Drive,,,WANGARA,WA,6947,,,,,,,,,,,,,,,,0.0,,,,8-1300,30.0,5.0
Brightwater Marangaroo (Discovery/Endevour),,,,,,,,,,9202 2876,,,accounts.payable@brightwatergroup.com,Vendor Code 000605,,,,,,,,,,0.0,,,,,30.0,2.0
ZZ Petrine Costigan Lawyers,Employment,"Suite 25, Level 16, 327-329 Pitt Street",,,,Sydney,NSW,2000,,02 8203 4609,,02 8203 3036,,,,,,,,,,,,0.0,,,,,30.0,5.0
Osborne Park Older Adult Mental Health,,,,,,,,,,,,,,,,,,,,,,,,0.0,,,,,30.0,5.0
Brightwater Kailis House,,,,,,,,,,9202 2876,,,accounts.payable@brightwatergroup.com,Vendor Code 000605,,,,,,,,,,0.0,,,,,30.0,5.0
Osborne Park Hospital AIN,,,,,,,,,,9346 8279 finance,9346 8076 Ian,,ian.rowe@health.wa.gov.au,ophbedmanagement@health.wa.gov.au,,,,,,,,,,0.0,,,,,30.0,5.0
Royal Perth Hospital - AIN,,,,,,,,,,,,,vivienne.emmelman@health.wa.gov.au,,,,,,,,,,,0.0,,,,,30.0,5.0
Graylands - MHOA,,,,,,,,,,6444 5143,,,HCN.NurseWestAdminFinance@health.wa.gov.au,,,,,,,,,,,0.0,,,,,30.0,5.0
Department of Psychiatry - MHOA,,,,,,,,,,6444 5143,,,HCN.NurseWestAdminFinance@health.wa.gov.au,,,,,,,,,,,0.0,,,,,30.0,5.0
Osborne Lodge,,,,,,,,,,6444 5143,,,hcn.apfinance@health.wa.gov.au,,,,,,,,,,,0.0,,,,,30.0,5.0
Peel Mental Health Services,,PO Box 162,,,,Mandurah,WA,6210,,,,,,,,,,,,,,,,0.0,,,,,30.0,5.0
Southern Cross Care,,,,,,,,,,9282 9919,,,hcinvoices@scrosswa.org.au,home care invoices,,,,,,,,,,0.0,,,,,30.0,5.0
Osborne Aged Care Facility,,,,,,,,,,,,,,,,,,,,,,,,0.0,,,,,30.0,5.0
Brightwater Joondalup,,,,,,,,,,9202 2876,,,accounts.payable@brightwatergroup.com,,,,,,,,,,,0.0,,,,,30.0,2.0
BaptistCare - Community Care,,,,,,,,,,9282 8616,,,melissa.mendolia@baptistcare.com.au,,,,,,,,,,,0.0,,,,,30.0,5.0
Baptistcare - Kalkarni,,,,,,,,,,9282 8616,Head Office,,accounts.payable@baptistcare.com.au,,,,,,,,,,,0.0,,,,,30.0,5.0
ValleyView Residence (Southern Cross Care),,,,,,,,,,,,,rjohn@scrosswa.org.au,,,,,,,,,,,0.0,,,,,30.0,5.0
Linear Clinical Research Ltd,,,,,,,,,,6151 0700,,,,,,,,,,,,,,0.0,,,,,30.0,5.0
Rise - Parkerville,,,,,,,,,,6274 3701,,,accountspayable@risenetwork.com.au,,,,,,,,,,,0.0,,,,,30.0,5.0
Brightwater - Warnbro,,,,,,,,,,9202 2876,,,accounts.payable@brightwatergroup.com,Vendor Code 000605,,,,,,,,,,0.0,,,,,30.0,5.0
Rise - The Grove,,,,,,,,,,6274 3701,,,accountspayable@risenetwork.com.au,,,,,,,,,,,0.0,,,,,30.0,5.0
Brightwater Bentley,,,,,,,,,,9202 2876,,,accounts.payable@brightwatergroup.com,,,,,,,,,,,0.0,,,,,30.0,2.0
Rise - Kedining,,,,,,,,,,6274 3701,,,accountspayable@risenetwork.com.au,,,,,,,,,,,0.0,,,,,30.0,5.0
Rise - Pioneer,,,,,,,,,,6274 3701,,,accountspayable@risenetwork.com.au,,,,,,,,,,,0.0,,,,,30.0,5.0
Braemar Lodge,,,,,,,,,,9339 9445,,,accounts@braemar.org.au,,,,,,,,,,,0.0,,,,,30.0,5.0
Rise - Gadgerrie,,,,,,,,,,6274 3701,,,accountspayable@risenetwork.com.au,,,,,,,,,,,0.0,,,,,30.0,5.0
Brightwater Maylands - Disability,,,,,,,,,,9202 2876,,,accounts.payable@brightwatergroup.com,,,,,,,,,,,0.0,,,,,30.0,2.0
Rise - Hyde,,,,,,,,,,6274 3701,,,accountspayable@risenetwork.com.au,,,,,,,,,,,0.0,,,,,30.0,5.0
Rise - Palmerston,,,,,,,,,,6274 3701,,,accountspayable@risenetwork.com.au,,,,,,,,,,,0.0,,,,,30.0,5.0
Rise - Thooruna,,,,,,,,,,6274 3701,,,accountspayable@risenetwork.com.au,,,,,,,,,,,0.0,,,,,30.0,5.0
Rise - Tamarine,,,,,,,,,,6274 3701,,,accountspayable@risenetwork.com.au,,,,,,,,,,,0.0,,,,,30.0,5.0
Baptistcare - Graceford,,,,,,,,,,9282 8616,,,accounts.payable@baptistcare.com.au,,,,,,,,,,,0.0,,,,,30.0,5.0
Rise - Nobel Respite,,,,,,,,,,6274 3701,,,accountspayable@risenetwork.com.au,,,,,,,,,,,0.0,,,,,30.0,5.0
Fiona Stanley Hospital,,,,,,,,,,6444 5143,,,HCN.NurseWestAdminFinance@health.wa.gov.au,,,,,,,,,,,0.0,,,,,30.0,5.0
Rockingham Mental Health - IDTU,,,,,,,,,,9528 0654,,,david.jones@health.wa.gov.au,,,,,,,,,,,0.0,,,,,30.0,5.0
Rise - Lana House,,,,,,,,,,6274 3701,,,accountspayable@risenetwork.com.au,,,,,,,,,,,0.0,,,,,30.0,5.0
Drug & Alcohol Services,,,,,,,,,,9219 1858,,,marg.rhodes@mhc.wa.gov.au,finance@mhc.wa.gov.au,,,,,,,,,,0.0,,,,,30.0,5.0
Swan Health Service Adult Mental Health,,,,,,,,,,9347 5789,,,sdhdecomworkinggrp@health.wa.gov.au,,,,,,,,,,,0.0,,,,,30.0,5.0
Rise - Redgum,,,,,,,,,,6274 371,,,accountspayable@risenetwork.com.au,,,,,,,,,,,0.0,,,,,30.0,5.0
Armadale Health Service - AIN,,,,,,,,,,9391 2066,,,michelle.hemy@health.wa.gov.au,,,,,,,,,,,0.0,,,,,30.0,5.0
Fiona Stanley Hospital - AIN,,,,,,,,,,6152 4018,,,FSH.CentralNursing@health.wa.gov.au,,,,,,,,,,,0.0,,,,,30.0,5.0
Rise - Individualised Services,,,,,,,,,,6274 3701,,,accountspayable@risenetwork.com.au,,,,,,,,,,,0.0,,,,,30.0,5.0
Rise - Kira House,,,,,,,,,,6274 3701,,,accountspayable@risenetwork.com.au,,,,,,,,,,,0.0,,,,,30.0,5.0
The Vein Clinic,,,,,,,,,,,,,,,,,,,,,,,,0.0,,,,,30.0,5.0
Rise - Doubleview,,,,,,,,,,62743701,,,accountspayable@risenetwork.com.au,,,,,,,,,,,0.0,,,,,30.0,5.0
Skin Patrol,,,,,,,,,,,,,,,,,,,,,,,,0.0,,,,,30.0,5.0
Baptistcare - Yallambee,,,,,,,,,,9295 1511,,,,,,,,,,,,,,0.0,,,,,30.0,5.0
Sir Charles Gairdner Hospital - MHU,,,,,,,,,,6444 5143,,,SCGOPHCGFinance.ClinicalCorporate@health.wa.gov.au,,,,,,,,,,,0.0,,,,,30.0,5.0
Senses Australia,,,,,,,,,,9473 5499,,,admin@senses.org.au,,,,,,,,,,,0.0,,,,,30.0,5.0
Bennu International,,,,,,,,,,,,,,,,,,,,,,,,0.0,,,,,30.0,5.0
Rise - Astrolabe,,,,,,,,,,08 6274 3701,,,accountspayable@risenetwork.com.au,,,,,,,,,,,0.0,,,,,30.0,5.0
Chloe Baker,,,,,,,,,,,,,see card details,,,,,,,,,,,0.0,,,,,30.0,5.0
Bentley Hospital,,,,,,,,,,,0408 957 871,,hss.nursewestadministrationfinance@health.wa.gov.au,,,,,,,,,,,0.0,,,,,30.0,5.0
Brightwater  Home Services,,,,,,,,,,9400 8700,,,accounts.payable@brightwatergroup.com,,,,,,,,,,,0.0,,,,,30.0,5.0
Autism Association,,,,,,,,,,9489 8900,,,autismwa@autism.org.au,sheena.bater@autism.org.au,Accounts Clerk,,,,,,,,,0.0,,,,,30.0,5.0
Damyn Cox,,,,,,,,,,,,,,,,,,,,,,,,0.0,,,,,30.0,5.0
Armadale Mental Health Service - AIN,,,,,,,,,,9391 2137,,,Danielle.Bone@health.wa.gov.au,,,,,,,,,,,0.0,,,,,30.0,5.0
Brightwater Warnbro,,,,,,,,,,9202 3540,,,accounts.payable@brightwatergroup.com,Kirat.Kaur@brightwatergroup.com,,,,,,,,,,0.0,,,,,30.0,2.0
BHP Billiton- Iron Ore,c.425,,,,,,,,,62244444,,,,,,,,,,,,,,0.0,,,,,30.0,5.0
Rise -- Hooley,,,,,,,,,,08 6274 3701,,,accountspayable@risenetwork.com.au,,,,,,,,,,,0.0,,,,,30.0,5.0
Rise - O'Connor,,,,,,,,,,6274 3701,,,accountspayable@risenetwork.com.au,,,,,,,,,,,0.0,,,,,30.0,5.0
Rise - Jingella,,,,,,,,,,6274 3701,,,accountspayable@risenetwork.com.au,,,,,,,,,,,0.0,,,,,30.0,5.0
Rise - Higham,,,,,,,,,,6274 3701,,,accountspayable@risenetwork.com.au,,,,,,,,,,,0.0,,,,,30.0,5.0
Rise - Marley,,,,,,,,,,6274 3701,,,accountspayable@risenetwork.com.au,,,,,,,,,,,0.0,,,,,30.0,5.0
Rise - Welbourn,,,,,,,,,,6274 3701,,,accountspayable@risenetwork.com.au,,,,,,,,,,,0.0,,,,,30.0,5.0
Rise - Ferguson,,,,,,,,,,6274 3701,,,accountspayable@risenetwork.com.au,,,,,,,,,,,0.0,,,,,30.0,5.0
Baptistcare - Dryandra,,,,,,,,,,9282 8616 Head Office,9045 4400 site,,melissa.mendolia@baptistcare.com.au,Keira.Wirth@baptistcare.com.au,,,,,,,,,,0.0,,,,,30.0,5.0
Rise - Stratton Edge Youth Centre,,,,,,,,,,6274 3701,,,accountspayable@risenetwork.com.au,,,,,,,,,,,0.0,,,,,30.0,5.0
Rise - Intensive Support Services,,,,,,,,,,6274 3701,,,accountspayable@risenetwork.com.au,,,,,,,,,,,0.0,,,,,30.0,5.0
Autism - Tippett,,,,,,,,,,,,,samantha.lourie@autism.org.au,,,,,,,,,,,0.0,,,,,30.0,5.0
Programmed Health Professionals,,,,,,,,,,92162166,,,phpaccountspayable@programmed.com.au,emma.henriques@programmed.com.au,,,,,,,,,,0.0,,,,,30.0,5.0
Perth Premium Cleaning,,521 Beechboro Road North,,,,BEECHBORO,WA,6063,,,,,contact@perthpremiumcleaning.com.au,,,,,,,,,,,0.0,12282079619.0,,,8-1300,30.0,5.0
ValleyView Residence,,,,,,,,,,,,,jostanley@valleyview.org.au,,,,,,,,,,,0.0,,,,,30.0,5.0
Autism - Acheson,,,,,,,,,,,,,samantha.lourie@autism.org.au,,,,,,,,,,,0.0,,,,,30.0,5.0
Rise - Valentine,,,,,,,,,,6274 3701,,,accountspayable@risenetwork.com.au,,,,,,,,,,,0.0,,,,,30.0,5.0
My Place,,PO Box 869,,,,Subiaco,WA,6904,,6380 2927,,,admin@myplace.org.au,,,,,,,,,,,0.0,,,,,30.0,5.0
Autism - Fairland,,,,,,,,,,,,,,,,,,,,,,,,0.0,,,,,30.0,5.0
Autism - Walter,,,,,,,,,,,,,,,,,,,,,,,,0.0,,,,,30.0,5.0
Autism - Opalite,,,,,,,,,,,,,,,,,,,,,,,,0.0,,,,,30.0,5.0
Autism - Colstoun,,,,,,,,,,,,,,,,,,,,,,,,0.0,,,,,30.0,5.0
Autism - Tuckeroo,,,,,,,,,,,,,,,,,,,,,,,,0.0,,,,,30.0,5.0
Kalamunda Hospital - AIN,,,,,,,,,,9257 8100,,,,KDCH.administration@health.wa.gov.au,,,,,,,,,,0.0,,,,,30.0,5.0
Rise - Wintergreen,,,,,,,,,,6274 3701,,,accountspayable@risenetwork.com.au,,,,,,,,,,,0.0,,,,,30.0,5.0
Autism - Emms,,,,,,,,,,,,,,,,,,,,,,,,0.0,,,,,30.0,5.0
Rise - Jeimba 2,,,,,,,,,,92743701,,,,,,,,,,,,,,0.0,,,,,30.0,5.0
Rise- Aubin Grove,,,,,,,,,,08 6274 3701,,,accountspayable@risenetwork.com.au,,,,,,,,,,,0.0,,,,,30.0,5.0
Roshana - Sunshine Park Lodge,,,,,,,,,,9279 9988,,,admin@roshana.com.au,,,,,,,,,,,0.0,,,,,30.0,5.0
Baptistcare - Gracewood,,,,,,,,,,9365 2400,9282 8600 accts,,morena.lombardo@baptistcare.com.au,,,,,,,,,,,0.0,,,,,30.0,5.0
Rise - Kyema,,,,,,,,,,6274 3701,,,accountspayable@risenetwork.com.au,,,,,,,,,,,0.0,,,,,30.0,5.0
Rise - Aleppo,,,,,,,,,,08 6274 3701,,,accountspayable@risenetwork.com.au,,,,,,,,,,,0.0,,,,,30.0,5.0
Autism - Blackboy,,,,,,,,,,,,,,,,,,,,,,,,0.0,,,,,30.0,5.0
Fremantle Hospital & Health Service - AIN,,,,,,,,,,9431 2410,,,,,Melissa Jones,,,,,,,,,0.0,,,,,30.0,5.0
Rise Network inc,,,,,,,,,,6365 2631,,,Charri.Hearne@risenetwork.com.au,,,,,,,,,,,0.0,,,,,30.0,5.0
Rise - Luana House,,,,,,,,,,6274 3701,,,accountspayable@risenetwork.com.au,,,,,,,,,,,0.0,,,,,30.0,5.0
St John Medical - Armadale,,,,,,,,,,9373 3847,,,apolloaccounts@stjohnambulance.com.au,,,,,,,,,,,0.0,,,,,30.0,5.0
Manjimup (Bapistcare),,,,,,,,,,,,,,,,,,,,,,,,0.0,,,,,30.0,5.0
Rise - Jeimba,,,,,,,,,,6274 3701,,,accountspayable@risenetwork.com.au,,,,,,,,,,,0.0,,,,,30.0,5.0
St John Medical - Joondalup,,,,,,,,,,9373 3847,,,apolloaccounts@stjohnambulance.com.au,,,,,,,,,,,0.0,,,,,30.0,5.0
St John Medical - Cockburn,,,,,,,,,,9334 1222,,,apolloaccounts@stjohnambulance.com.au,,,,,,,,,,,0.0,,,,,30.0,5.0
St John of God - Midland,,'linda.morse@sjog.org.au',linda from accounts,,,,,,,9462 4668,9462 4061 Venancia,,group.accountspayable@sjog.org.au,,,,,,,,,,,0.0,,,,,30.0,5.0
Rise - Cooking Group,,,,,,,,,,08 6274 3701,,,accountspayable@risenetwork.com.au,,,,,,,,,,,0.0,,,,,30.0,5.0
Rise - Waikiki,,,,,,,,,,6274 3701,,,accountspayable@risenetwork.com.au,,,,,,,,,,,0.0,,,,,30.0,5.0
Baptistcare - Manjimup,,,,,,,,,,9282 8600,,,accounts.payable@baptistcare.com.au,,,,,,,,,,,0.0,,,,,30.0,5.0
Juniper (Annesley & Rowethorpe),,,,,,,,,,9240 0313,,,accountspayable@juniper.org.au,,,,,,,,,,,0.0,,,,,30.0,5.0
Interchange WA,,,,,,,,,,6323 0882,,,k.wilson@interchangewa.org.au,,,,,,,,,,,0.0,,,,,30.0,5.0
Rise - Aubin Grove,,,,,,,,,,08 6274 3701,,,accountspayable@risenetwork.com.au,,,,,,,,,,,0.0,,,,,30.0,5.0
Department of Child Protection/Carers,,,,,,,,,,,,,,,,,,,,,,,,0.0,,,,,30.0,5.0
Brightwater Hamilton House,,,,,,,,,,,,,,,,,,,,,,,,0.0,,,,,30.0,5.0
Rise  - Aged Care - Home Care Services,,41a Great Northern Highway,,,,MIDDLE SWAN,WA,6056,,6274 3742,0419 836 155,9250 1624,nicole.degraaf@risenetwork.com.au,,,,,,,,,,,0.0,,,,,30.0,5.0
Rockingham - Kwinana District Hospital - AIN,,,,,,,,,,,,,,,,,,,,,,,,0.0,,,,,30.0,5.0
Far North Community Services Ltd,,,,,,,,,,,,,,,,,,,,,,,,0.0,,,,,30.0,5.0
Medisculpt,,,,,,,,,,9380 6438,,,tina@medaesthetics.com.au,,,,,,,,,,,0.0,,,,,30.0,5.0
St John Medical - Cannington,,,,,,,,,,,,,apolloaccounts@stjohnambulance.com.au,,,,,,,,,,,0.0,,,,,30.0,5.0
Murray District Hospital - AIN,,,,,,,,,,,,,,,,,,,,,,,,0.0,,,,,30.0,5.0
Teem Treasure,,,,,,,,,,0433 608 698,,,michelle@teemtreasure.com.au,,,,,,,,,,,0.0,,,,,30.0,5.0
Rise - Lake House,,,,,,,,,,92743701,,,,,,,,,,,,,,0.0,,,,,30.0,5.0
Princess Margaret Hospital - AIN,,,,,,,,,,,,,,,,,,,,,,,,0.0,,,,,30.0,5.0
Wanneroo GP Super Clinic,,,,,,,,,,9306 1940 site,1300 303 244 invs,,jaegar.odonoghue@ipn.com.au,,,,,,,,,,,0.0,,,,,30.0,5.0
Jobfit WA,,,,,,,,,,,,,,,,,,,,,,,,0.0,,,,,30.0,5.0
Armadale Health Service - SITE,,,,,,,,,,,,,,,,,,,,,,,,0.0,,,,,30.0,5.0
IPN - Pinjarra Medical Centre,,,,,,,,,,9225 3886,,,jaegar.odonoghue@ipn.com.au,,,,,,,,,,,0.0,,,,,30.0,5.0
IPN - Salisbury Family Medical Centre,,,,,,,,,,9225 3886,,,jaegar.odonoghue@ipn.com.au,,,,,,,,,,,0.0,,,,,30.0,5.0
Graylands Hospital SITE,,,,,,,,,,9347 6536,,,StateForensicExecutiveSecretary@health.wa.gov.au,,,,,,,,,,,0.0,,,,,30.0,5.0
Perth Childrens Hospital PCH,,,,,,,,,,,,,,,,,,,,,,,,0.0,,,,,30.0,5.0
Capstone Health,,,,,,,,,,,,,,,,,,,,,,,,0.0,,,,,30.0,5.0
Perth Childrens Hospital,c.441,15 Hospital Avenue Nedlands Western Australia 6009 Australia,,,,Nedlands,WA,6009,Australia,0864560007,,,eric.williams@health.wa.gov.au,,,,,,,,,,,0.0,,,,,20.0,2.0
Sir Charles Gairdner Hospital - MHOA,,,,,,,,,,,,,SCGOPHCGFinance.ClinicalCorporate@health.wa.gov.au,,,,,,,,,,,0.0,,,,,30.0,5.0
Mark Ratcliff,,,,,,,,,,,,,,,,,,,,,,,,0.0,,,,,30.0,5.0
Rockingham City Family Practice,,,,,,,,,,08 9553 9200,,,nicole.crosby@fullertonhealth.com.au,,,,,,,,,,,0.0,,,,,30.0,5.0
Sir Charles Gairdner Hospital - SITE,,,,,,,,,,6457 3159,6457 3515,,SCGOPHCGFinance.ClinicalCorporate@health.wa.gov.au;rushton.hunt@health.wa.gov.au;Trinity.parkins@health.wa.gov.au,,,,,,,,,,,0.0,,,,,30.0,2.0
South Street GP Super Clinic,,,,,,,,,,9456 3875,,,accounts@starfamilymedical.com.au,,,,,,,,,,,0.0,,,,,30.0,5.0
Fiona Stanley Hospital - SITE,,,,,,,,,,,,,,,,,,,,,,,,0.0,,,,,30.0,5.0
Brighton Beach Medical Centre,c.444,Unit 2 22 Hughie Edwards Drive,,,,MERRIWA,WA,6030,Australia,93059944,,,,,,,,,,,,,,0.0,,,,,14.0,2.0
Rise - Welbourne,,,,,,,,,,,,,,,,,,,,,,,,0.0,,,,,30.0,5.0
Braemar Presbyterian Homes for the Aged,,,,,,,,,,,,,,,,,,,,,,,,0.0,,,,,30.0,5.0
Rise Milperra Cottage,,,,,,,,,,,,,,,,,,,,,,,,0.0,,,,,30.0,5.0
Methodist Ladies College,,,,,,,,,,,,,,,,,,,,,,,,0.0,,,,,30.0,5.0
Bentley Hospital - SITE,,,,,,,,,,,,,,,,,,,,,,,,0.0,,,,,30.0,5.0
Prendiville Catholic College,,,,,,,,,,9307 2000,,,,,,,,,,,,,,0.0,,,,,30.0,5.0
Simply Helping,,,,,,,,,,,,,,,,,,,,,,,,0.0,,,,,30.0,5.0
Royal Perth Hopistal - SITE,,,,,,,,,,,,,hss.nursewestadministrationfinance@health.wa.gov.au,,,,,,,,,,,0.0,,,,,30.0,5.0
Arche Health Ltd,,PO Box 268,,,,Bentley,WA,6102,,,,,accounts@archehealth.com.au,,,,,,,,,,,0.0,,,,4-1100,30.0,5.0
MercyCare Rockingham,,,,,,,,,,9442 3444,,,invoicemhs@mercycare.com.au,,,,,,,,,,,0.0,,,,4-1100,30.0,5.0
Woodvale Medical Centre,,,,,,,,,,9309 4211,,,,,,,,,,,,,,0.0,,,,,30.0,5.0
South Freo Medical Centre,,,,,,,,,,9367 7840,0406 040 660,,leann@mclinica.com.au;m.clinicaau@gmail.com,,,,,,,,,,,0.0,,,,,30.0,5.0
MercyCare Kelmscott,,,,,,,,,,,,,invoicemhs@mercycare.com.au,,,,,,,,,,,0.0,,,,,30.0,5.0
Arche Health - Belvidere Health Centre,,,,,,,,,,,,,,,,,,,,,,,,0.0,,,,,30.0,5.0
Wembley Medical Centre,,,,,,,,,,,,,,,,,,,,,,,,0.0,,,,,30.0,5.0
SafeWork,,,,,,,,,,03 9550 3821,,,ripal.brahmbhatt@swlabs.com.au,,,,,,,,,,,0.0,,,,4-1100,30.0,5.0
Brightwater House,,,,,,,,,,,,,,,,,,,,,,,,0.0,,,,4-1100,30.0,5.0
King Edward Memorial Hospital- AIN,,,,,,,,,,,,,,,,,,,,,,,,0.0,,,,,30.0,5.0
State Health Incident Control Centre,,,,,,,,,,,,,,,,,,,,,,,,0.0,,,,4-1100,30.0,5.0
Westminster Day Surgery,,,,,,,,,,9349 5555,,,,,,,,,,,,,,0.0,,,,4-1100,30.0,5.0
Selby Lodge - AIN,,,,,,,,,,,,,,,,,,,,,,,,0.0,,,,4-1100,30.0,5.0
Braemar Village,,PO Bo x 1115,,,,Willagee,WA,6156,,,,,accountsmailbox@braemar.org.au,,,,,,,,,,,0.0,,,,4-1100,30.0,5.0
Braemar Cooinda,,,,,,,,,,,,,accounts@braemar.org.au,,,,,,,,,,,0.0,,,,4-1100,30.0,5.0
Colpcare,,,,,,,,,,,,,,,,,,,,,,,,0.0,,,,4-1100,14.0,2.0
Kath French Secure Care-Dept. of Communities,,,,,,,,,,,,,linda.growcott@communities.wa.gov.au,,,,,,,,,,,0.0,,,,,30.0,5.0
Bentley Hospital - AIN MHU,,,,,,,,,,,,,,,,,,,,,,,,0.0,,,,4-1100,30.0,5.0
Complete Corporate Health,,,,,,,,,,08 9226 1898,,,,,,,,,,,,,,0.0,,,,,30.0,5.0
IMED Radiology - Mt Lawley,,,,,,,,,,,,,,,,,,,,,,,,0.0,,,,,30.0,5.0
Midwest Community Living Association,,,,,,,,,,,,,accounts@mwcla.org.au,,,,,,,,,,,0.0,,,,4-1100,30.0,5.0
Skin Rejuvenate Day Surgery - East Perth,,,,,,,,,,,,,info@skinrejuvenate.com.au,,,,,,,,,,,0.0,,,,,30.0,5.0
Brightwater South Lake,,,,,,,,,,,,,bwinvoice@brightwatergroup.com,,,,,,,,,,,0.0,,,,,30.0,2.0
Spencer Ave,,,,,,,,,,,,,,,,,,,,,,,,0.0,,,,4-1100,30.0,5.0
At HomeCare,,,,,,,,,,,,,,,,,,,,,,,,0.0,,,,4-1100,30.0,5.0
Western Cardiology Subiaco,,,,,,,,,,,,,robynr@westerncardiology.com.au;,,,,,,,,,,,0.0,,,,4-1100,30.0,5.0
Ability Centre - Bradford Views Villa 1,,,,,,,,,,,,,accountspayable@abilitycentre.com.au,,,,,,,,,,,0.0,,,,,14.0,2.0
Hillview 1,,,,,,,,,,,,,,,,,,,,,,,,0.0,,,,,30.0,5.0
Ability Centre - Bradford  Views Villa 2,,margaret.small@abilitywa.com.au,,,,,,,,,,,accountspayable@abilitycentre.com.au,,,,,,,,,,,0.0,,,,,14.0,2.0
Ability Centre - Limonite 1 & 2,,,,,,,,,,,,,Agencyinvoice@abilitycentre.com.au,,,,,,,,,,,0.0,,,,,30.0,5.0
Western Diagnostic,,,,,,,,,,3317 0729,,,,,,,,,,,,,,0.0,,,,,30.0,2.0
Ability Centre - 108 Bradford - Coolbinia,,,,,,,,,,,,,Agencyinvoice@abilitycentre.com.au,,,,,,,,,,,0.0,,,,,14.0,2.0
Ability Centre - Arnhem - Respite,,,,,,,,,,,,,,,,,,,,,,,,0.0,,,,,30.0,5.0
Ability Centre - Gledhill,,,,,,,,,,,,,Agencyinvoice@abilitycentre.com.au,,,,,,,,,,,0.0,,,,,30.0,5.0
Ability Centre - Ida Street,,,,,,,,,,,,,,,,,,,,,,,,0.0,,,,,30.0,5.0
Ability Centre - Kenwick 6,,,,,,,,,,,,,Agencyinvoice@abilitycentre.com.au,,,,,,,,,,,0.0,,,,,14.0,2.0
Ability Centre - Kenwick 7,,,,,,,,,,,,,,,,,,,,,,,,0.0,,,,,14.0,2.0
Ability Centre - Maritana,,,,,,,,,,,,,Agencyinvoice@abilitycentre.com.au,,,,,,,,,,,0.0,,,,,30.0,5.0
Ability Centre - McDonald 1,,,,,,,,,,,,,,,,,,,,,,,,0.0,,,,,30.0,5.0
Ability Centre - Penryn,,,,,,,,,,,,,Agencyinvoice@abilitycentre.com.au,,,,,,,,,,,0.0,,,,,30.0,5.0
Ability Centre - Rookwood,,,,,,,,,,,,,,,,,,,,,,,,0.0,,,,,30.0,5.0
Ability Centre - Staunton,,,,,,,,,,,,,,,,,,,,,,,,0.0,,,,,30.0,5.0
Ability Centre - Surrey Road,,,,,,,,,,,,,,,,,,,,,,,,0.0,,,,,30.0,5.0
Ability Centre - Wandoo,,,,,,,,,,,,,,,,,,,,,,,,0.0,,,,,30.0,5.0
Ability Centre - 6 Diana Street- Innaloo,,,,,,,,,,,,,Agencyinvoice@abilitycentre.com.au,,,,,,,,,,,0.0,,,,,14.0,2.0
Ability Centre - Rivett,,,,,,,,,,,,,,,,,,,,,,,,0.0,,,,,30.0,5.0
Osborne Park - Site (PSA),,,,,,,,,,,,,,,,,,,,,,,,0.0,,,,,30.0,5.0
Ability Centre - Limonite 3,,,,,,,,,,,,,,,,,,,,,,,,0.0,,,,,30.0,5.0
Ability Centre - 9 Blackbutt Court,,,,,,,,,,,,,Agencyinvoice@abilitycentre.com.au,,,,,,,,,,,0.0,,,,,30.0,5.0
St John Medical - Midland,,,,,,,,,,,,,apolloaccounts@stjohnwa.com.au,,,,,,,,,,,0.0,,,,,30.0,5.0
Guildford Grammar School,,,,,,,,,,,,,,,,,,,,,,,,0.0,,,,,30.0,5.0
Ability Centre - Edale Units,,,,,,,,,,,,,Agencyinvoice@abilitycentre.com.au,,,,,,,,,,,0.0,,,,,30.0,5.0
Solutions IT,c.1,,,,,,,,,,,,jcantrill@solutionsit.com.au,,,,,,,,,,,0.0,,,,,14.0,2.0
Babcock Integrated Technology Australia,c.2,,,,,,,,,,,,accounts@babcock.com.au,,,,,,,,,,,0.0,,,,,30.0,2.0
Austin Engineering,c.3,,,,,,,,,,,,ap@austineng.com.au,,,,,,,,,,,0.0,,,,,45.0,4.0
Contatore Engineering Pty Ltd,c.4,,,,,,,,,,,,admin@contatoreengineering.com.au,,,,,,,,,,,0.0,,,,,14.0,2.0
Bruco Engineering (Products) Pty Ltd,c.5,,,,,,,,,,,,julia@bruco.com.au,,,,,,,,,,,0.0,,,,,30.0,4.0
Orrcon Steel - Kewdale,c.6,,,,,,,,,,,,orrconadmin@orrcon.com.au,,,,,,,,,,,0.0,,,,,30.0,4.0
Alcoa World Alumina Australia- PJ,c.8,PINJARRA,,,,,,,,,,,,,,,,,,,,,,0.0,,,,,60.0,4.0
NRW Holdings Pty Ltd,c.9,,,,,,,,,9232 4200,,,accountspayable@nrw.com.au,,,,,,,,,,,0.0,,,,,14.0,4.0
Lycopodium Limited,c.10,,,,,,,,,,,,accounts.payable@lycopodium.com.au,,,,,,,,,,,0.0,,,,,14.0,2.0
Alcoa World Alumina Australia- KW,c.11,KWINANA,,,,,,,,,,,,,,,,,,,,,,0.0,,,,,60.0,4.0
BIS Industries PTY LTD,c.12,Made.Putri@bisindustries.com,,,,,,,,0292456353,,,accountspayable@bisindustries.com;Made.Putri@bisindustries.com,,,,,,,,,,,0.0,,,,,60.0,4.0
BGC Materials Technology,c.350,,,,,,,,,61 8 9241 1627,,,ap@mtcentre.com.au,,,,,,,,,,,0.0,,,,,30.0,2.0
Alcoa World Alumina Australia - WG,c.15,WAGERUP,,,,,,,,,,,,,,,,,,,,,,0.0,,,,,60.0,4.0
Mount Gibson Mining Limited,c.16,,,,,,,,,,,,accounts@mtgibsoniron.com.au,,,,,,,,,,,0.0,,,,,30.0,2.0
Creating Communities Australia,c.17,,,,,,,,,9284 0910,,,Accounts@creatingcommunities.com.au,,,,,,,,,,,0.0,,,,,30.0,4.0
St John of God Hospital,c.18,,,,,,,,,,,,group.accountspayable@sjog.org.au,,,,,,,,,,,0.0,,,,,14.0,2.0
Neurospine Institute,c.19,,,,,,,,,,,,sara.smart@neurospineinstitute.com.au,,,,,,,,,,,0.0,,,,,14.0,2.0
Life Live It,c.20,,,,,,,,,,,,finance@lifeliveit.net.au,,,,,,,,,,,0.0,,,,,7.0,2.0
Perma Composites,c.22,,,,,,,,,,,,christines@permacomposites.com,,,,,,,,,,,0.0,,,,,7.0,2.0
SMS Mining Services (Head Office),c.23,,,,,,,,,03 8832 0114,08 9277 5177 (recepti,,wenyi.cai@smsmining.com.au,,,,,,,,,,,0.0,41601828399.0,,,,60.0,4.0
Yilgarn Iron Pty Ltd,c.24,,,,,,,,,,,,accountspayable.statements@mrl.com,,,,,,,,,,,0.0,,,,,14.0,2.0
Lightning Brick Pavers Pty Ltd,c.26,,,,,,,,,,,,accounts@lightningbrick.com.au,,,,,,,,,,,0.0,,,,,30.0,4.0
I-Med Radiology WA - Albany,c.27,,,,,,,,,,,,,,,,,,,,,,,0.0,,,,,30.0,5.0
Cortez Construction Co PTY LTD,c.28,,,,,,,,,,,,accounts@cortezco.com.au,,,,,,,,,,,0.0,,,,,14.0,2.0
Murrin Murrin Operations Pty Ltd,c.29,Glencore,,,,,,,,08 9212 8400,,,Minara.queries.ap@glencore.com.au,,,,,,,,,,,0.0,,,,,10.0,4.0
Brikmakers,c.30,,,,,,,,,,,,ap@brikmakers.com,,,,,,,,,,,0.0,,,,,30.0,2.0
Newcrest Mining Ltd,c.32,,,,,,,,,,,,AnishKumar.Saha@newcrest.com.au;AP.TELFER@newcrest.com.au,,,,,,,,,,,0.0,,,,,45.0,4.0
Pet Circle,c.33,,,,,,,,,,,,jim.moyle@petcircle.com.au,,,,,,,,,,,0.0,,,,,30.0,2.0
Nifty Copper Pty Ltd,c.34,Ground Floor 437 Roberts Road,,,,SUBIACO,WA,6008,,63741550,,,accounts@cypriummetals.com,Manu.Trivedi@cypriummetals.com,,,,,,,,,,0.0,,,,,14.0,2.0
Conveyor Products & Solutions (CPS),c.36,,,,,,,,,,,,tracey.lawson@cpsconveyors.com.au,,,,,,,,,,,0.0,,,,,30.0,2.0
Turbo Air Technology,c.38,,,,,,,,,,,,md@turboair.com.au,,,,,,,,,,,0.0,,,,,30.0,2.0
Geraldton Hospital,c.39,Michelle.Treasure@health.wa.gov.au,,,,,,,,,,,GeraldtonBusinessCoordinator.WACHS-Midwest@health.wa.gov.au,,,,,,,,,,,0.0,,,,,30.0,2.0
BHP Billiton - Nickel West,c.40,,,,,,,,,,,,supplyap-review@bhp.com,,,,,,,,,,,0.0,,,,,30.0,2.0
BP Refinery,c.41,,,,,,,,,,,,KwinanaAPinvoices@se1.bp.com,,,,,,,,,,,0.0,,,,,60.0,2.0
Law Mutual WA,c.42,,,,,,,,,,,,mloh@lawmutualwa.com.au;,,,,,,,,,,,0.0,,,,,7.0,2.0
Metzke Pty Ltd,c.43,,,,,,,,,9484 6200,,,accounts@metzke.com.au,,,,,,,,,,,0.0,,,,,45.0,4.0
Aboriginal Family Legal Services,c.44,890 Albany Highway,,,,EAST VICTORIA PARK,WA,6981,Australia,08 9355 1502,,,accounts@afls.org.au,,,,,,,,,,,0.0,,,,,7.0,2.0
4Logic,c.46,,,,,,,,,6336 7444,,,accounts@4logic.com.au,,,,,,,,,,,0.0,,,,,7.0,2.0
Jobfit WA,c.47,,,,,,,,,,,,accounts.payable@jobfit.com.au,,,,,,,,,,,0.0,,,,,7.0,2.0
Osborne Park Nissan & Hyundai,c.48,,,,,,,,,,,,kanderson@opcjd.com.au,,,,,,,,,,,0.0,,,,,14.0,2.0
Civmec Construction & Engineering Pty Ltd,c.49,,,,,,,,,,,,accounts@civmec.com.au,,,,,,,,,,,0.0,,,,,30.0,2.0
Murdoch Orthopaedic Clinic,c.50,,,,,,,,,6332 6310,,,admin@drmichaelanderson.com.au,,,,,,,,,,,0.0,,,,,14.0,2.0
Aussie Earthworks,c.51,,,,,,,,,,,,karen@aussieearthworks.com.au,,,,,,,,,,,0.0,,,,,14.0,2.0
Alcoa World Alumina Australia,c.52,,,,,,,,,,,,,,,,,,,,,,,0.0,,,,,60.0,4.0
Osborne Motor Bodies,c.54,,,,,,,,,9377 2400,,,accountsp@ombwa.com.au,,,,,,,,,,,0.0,,,,,7.0,2.0
Ausplow Farming Systems Pty Ltd,c.55,,,,,,,,,,,,invoices@ausplow.com.au,,,,,,,,,,,0.0,,,,,14.0,2.0
Rise Network Inc.,c.56,,,,,,,,,6274 3701,,,accountspayable@risenetwork.com.au,,,,,,,,,,,0.0,,,,,7.0,2.0
Aussie Fluid Power,c.57,,,,,,,,,,,,accounts@aussiefluidpower.com.au,,,,,,,,,,,0.0,,,,,30.0,2.0
Hugh and Co,c.60,,,,,,,,,,,,admin@hughco.com.au,,,,,,,,,,,0.0,,,,,14.0,2.0
Alliance Airlines,c.65,,,,,,,,,(7) 3212 1212,,,accountspayable@allianceairlines.com.au,,,,,,,,,,,0.0,,,,,14.0,2.0
GSM Mining Company Pty Ltd,c.70,,,,,,,,,,,,GFA.AccountsPayable@goldfields.com,,,,,,,,,,,0.0,,,,,30.0,4.0
Agnew Gold Mining Company Pty Ltd,c.72,,,,,,,,,,,,GFA.AccountsPayable@goldfields.com,,,,,,,,,,,0.0,,,,,30.0,4.0
Gruyere Management Pty Ltd,c.71,,,,,,,,,,,,GFA.AccountsPayable@goldfields.com,,,,,,,,,,,0.0,,,,,14.0,2.0
Lumus Imaging VIC,c.66,,,,,,,,,,0399182950,,imaging.ap@healthcareimaging.com.au,,,,,,,,,,,0.0,65085350189.0,,,,14.0,2.0
Perth Cardiovascular Institute,c.37,,,,,,,,,,63146833,,Payables@perthcardio.com.au,,,,,,,,,,,0.0,45840034822.0,,,,7.0,2.0
AngloGold Ashanti Australia Limited,c.45,TROPICANA,,,,,,,,,94264600,,STATEMENTAUAP@anglogoldashanti.com,AUAPINVOICE@anglogoldashanti.com,,,,,,,,,,,,,,,,
STRICTLY Statements : STATEMENTAUAP@anglogoldashanti.com  Queries:  accountspayable@anglogoldashanti.com,,,,,,,,,,,,,,,,,,,,,,,,,,,,,,
A,,,,Terms monthly in arrears,contracted based,0,2,0,30,0,0,0,,0,0,,,,,,,,70894254686.0,,,,,,,
Needham Air,c.25,,,,,,,,,,94324600,,accounts@needhamair.com.au,,,,,,,,,,,0.0,77677816606.0,,,,7.0,2.0
BHP Billiton - Nickel West,c.21,,,,,,,,,,0890935729,,supplyap-review@bhp.com,,,,,,,,,,,0.0,76004184598.0,,,,14.0,2.0
Mineral Resources Limited,c.31,,,,,,,,,,0893293600,,accountspayable.statements@mrl.com.au,accountspayable.queries@mrl.com,,,,,,,,,,0.0,33118549910.0,,,4-1101,45.0,4.0
Site Ware Direct,c.53,,,,,,,,,,1800897989,,accounts@sitewaredirect.com.au,,,,,,,,,,,0.0,88100062932.0,,,4-1101,30.0,5.0
Lavan Legal,c.73,,,,,,,,,,0892886001,,damon.hansenknarhoi@lavanlegal.com.au,,,,,,,,,,,0.0,47488578158.0,,,4-1101,14.0,2.0
Iron Resources Pty Ltd,c.74,accountspayable@mrl.com.au,,,,,,,,08 9329 3600,,,accountspayable.statements@mrl.com.au,kylie-anne.ranson@mrl.com.au,,,,,,,,,,,,,,,,
A Minerals Resources Group  Note: Request PO then Email via Astute to accounts. Request via Charles.Kihara@mrl.com.au (outlook),,,,45 days EOM,Mineral Resources,0,4,0,45,0,0,0,,0,0,,,,,,,,,,,,,,,
Quantum Radiology,c.63,,,,,,,,,,0287609100,,snolan@quantumradiology.com.au,accounts@quantumradiology.com.au,,,,,,,,,,0.0,39122370674.0,,,4-1101,14.0,2.0
DR GLENN & PARTNERS PTY LTD,c.62,,,,,,,,,,0291131888,,npalsson@medical-imaging.com.au,,,,,,,,,,,0.0,88663977071.0,,,4-1101,14.0,2.0
WA Cardiology,c.81,,,,,,,,,,0861692000,,,,,,,,,,,,,0.0,78328171940.0,,,4-1101,14.0,2.0
AngloGold Ashanti Australia Limited,c.64,PERTH SUNRISE DAM,,,,,,,,,,,STATEMENTAUAP@anglogoldashanti.com,,,,,,,,,,,0.0,70064458260.0,,,4-1101,30.0,4.0
Australasian Insulation Supplies Pty Ltd,c.82,,,,,,,,,,08 9417 9494,,accounts@ais-group.com.au,,,,,,,,,,,0.0,48646688262.0,,,4-1101,14.0,2.0
Leach Legal,c.77,,,,,,,,,,9486 9733,,accountspayable@leachlegal.com.au,,,,,,,,,,,0.0,0.0,,,4-1101,14.0,2.0
Department of Biodiversity Conservation & Attract,c.78,,,,,,,,,,92199000,,,,,,,,,,,,,0.0,0.0,,,4-1101,30.0,2.0
Bailiwick legal,c.83,,,,,,,,,,,,admin@bailiwicklegal.com.au,,,,,,,,,,,0.0,,,,,14.0,2.0
Bundaberg Radiology,c.84,,,,,,,,,,,,,,,,,,,,,,,0.0,,,,,14.0,2.0
Department of Water,c.87,,,,,,,,,,,,,,,,,,,,,,,0.0,,,,,30.0,5.0
Dept of Primary Industries & Regional Development,c.89,3 Baron-Hay Court,financepayables@dpird.wa.gov.au,,,SOUTH PERTH,WA,6151,,93683333,,,do;not;send;statements,,,,,,,,,,,0.0,,,,,30.0,2.0
Direct Radiology,c.90,,,,,,,,,,,,,,,,,,,,,,,0.0,,,,,14.0,2.0
Dyna Engineering,c.91,,,,,,,,,9473 4300,,,accounts@dynaeng.com.au,,,,,,,,,,,0.0,,,,,14.0,2.0
29 Metals PTY LTD,c.92,,,,,,,,,,,,Kate.Goodfield@29metals.com.au,,,,,,,,,,,0.0,,,,,30.0,4.0
Workskil Australia Incorporated,c.94,,,,,,,,,,,,,,,,,,,,,,,0.0,,,,,14.0,2.0
Genesis Care Cardiology,c.99,,,,,,,,,9480 3033,,,kamini.sangaralingam@genesiscare.com.au,,,,,,,,,,,0.0,,,,,30.0,5.0
Ability Centre - Minderoo Villa 5,,,,,,,,,,,,,Agencyinvoice@abilitycentre.com.au,,,,,,,,,,,0.0,,,,,30.0,5.0
MMD Australia Pty ltd,c.69,,,,,,,,,,,,accounts@mmdaus.com.au,,,,,,,,,,,0.0,17002446835.0,,,4-1101,14.0,2.0
Telethon Speech & Hearing,c.61,,,,,,,,,,,,carlt@tsh.org.au,,,,,,,,,,,0.0,73885107614.0,,,4-1101,14.0,2.0
Department of Water and Environment Regulation,c.98,,,,,,,,,,,,accountspayable@dwer.wa.gov.au,,,,,,,,,,,0.0,28420443065.0,,,4-1101,30.0,2.0
AngloGold Ashanti Australia Limited,c.103,Corporate Office,,,,,,,,,,,STATEMENTAUAP@anglogoldashanti.com,,,,,,,,,,,,,,,,,
STRICTLY Statements : STATEMENTAUAP@anglogoldashanti.com  Queries:  accountspayable@anglogoldashanti.com,,,,,,,,,,,,,,,,,,,,,,,,,,,,,,
A,,,,terms monthly in arrears,contract based,0,2,0,30,0,0,0,,0,0,,,,,,,,,,,,,,,
BlueScope Building Components,c.104,,,,,,,,,,,,BBC-AcctsPayable@Bluescope.com,,,,,,,,,,,0.0,,,,,14.0,2.0
GESB,c.105,,,,,,,,,,,,gesb_finance@gesb.wa.gov.au,,,,,,,,,,,0.0,,,,,14.0,2.0
"Communicable Disease Control Directorate, Departme",c.107,"Level 3 Block C, 189 Royal Street",,,,EAST PERTH,WA,6004,,,,,Paul.Effler@health.wa.gov.au,,,,,,,,,,,0.0,,,,,30.0,2.0
Department of Transport,c.101,Supplier.invoices@dwer.wa.gov.au,,,,,,,,,65516000,,payables@transport.wa.gov.au,,,,,,,,,,,0.0,,,,,30.0,2.0
Department of Justice,c.102,,,,,,,,,,92641600,,,,,,,,,,,,,0.0,,,,,30.0,2.0
Child and Adolescent Health Service,c.80,,,,,,,,,,64562222,,HSS.apsupplychain@health.wa.gov.au,,,,,,,,,,,0.0,,,,,30.0,2.0
Health Support Services,c.100,hss.apvendor@health.wa.gov.au,,,,,,,,,64445000,,HSS.apsupplychain@health.wa.gov.au,,,,,,,,,,,0.0,,,,,28.0,2.0
The Woss Group,c.109,,,,,,,,,,,,rwoss@wossgroup.com,,,,,,,,,,,0.0,,,,,14.0,2.0
Big Bell Gold Operations,c.35,,,,,,,,,,,,accounts@bellevuegold.com.au,,,,,,,,,,,0.0,99110439686.0,,,4-1101,14.0,2.0
Department of Communities,c.110,,,,,,,,,,,,midfinance@communities.wa.gov.au,,,,,,,,,,,0.0,88050158195.0,,,4-1101,30.0,2.0
Environmental Health Directorate Department of Hea,c.111,andrew.jardine@health.wa.gov.au,,,,,,,,,,,,,,,,,,,,,,0.0,28684750332.0,,,4-1101,31.0,2.0
Polaris Metals Pty Ltd,c.106,,,,,,,,,,,,accountspayable.statements@mrl.com.au,,,,,,,,,,,0.0,,,,,45.0,4.0
Lotterywest,c.112,,,,,,,,,,133777,,,,,,,,,,,,,0.0,0.0,,,4-1101,30.0,2.0
Department of Health,c.113,,,,,,,,,,0892224222,,HSS.apsupplychain@health.wa.gov.au,,,,,,,,,,,0.0,13993250709.0,,,4-1101,30.0,2.0
Lit Therapy,c.108,,,,,,,,,,0416485778,,gemma@littherapy.com.au,,,,,,,,,,,0.0,15827498792.0,,,4-1101,14.0,2.0
Newmont Boddington Gold Pty Ltd,c.79,,,,,,,,,,0894236100,,invoices@Newmont.com,,,,,,,,,,,0.0,22008087778.0,,,4-1101,14.0,2.0
Night  River,,,,,,,,,,,,,,,,,,,,,,,,0.0,,,,,14.0,2.0
Ability Centre - Bradford  Views Villa 4,,,,,,,,,,,,,,,,,,,,,,,,0.0,,,,,14.0,2.0
Wesfarmers CSBP,c.115,,,,,,,,,93129222,,,accpayinvoices@wescef.com.au,,,,,,,,,,,0.0,81008668371.0,,,4-1101,30.0,4.0
Developing Australian Communities,c.114,,,,,,,,,,,,river@developingauscommunities.com.au,,,,,,,,,,,0.0,68646184947.0,,,4-1101,14.0,2.0
MAK Industrial Water Solutions,c.117,,,,,,,,,92498007,,,accounts.payable@makwater.com.au,,,,,,,,,,,0.0,0.0,,,4-1101,14.0,2.0
Department of Communities -CPFS- Holman-Walker,,,,,,,,,,,,,Chris.Neilson@communities.wa.gov.au,,,,,,,,,,,0.0,,,,,30.0,2.0
Brightwater Belmont (Kailis House),,,,,,,,,,,,,accounts.payable@brightwatergroup.com,,,,,,,,,,,0.0,,,,,30.0,2.0
OSH GROUP Pty Ltd,c.119,,,,,,,,,,0862988400,,accountspayable@OSHgroup.com.au,,,,,,,,,,,0.0,56124944574.0,,,4-1101,14.0,2.0
Bradford Legal,c.118,,,,,,,,,9316 2299,,,tanya@bradfordlegal.com.au,,,,,,,,,,,0.0,,,,,7.0,2.0
Advanced Personnel Management (APM),c.127,11 Hensen Street,,,,,,,,,97257077,,jasubsidy@apm.net.au,,,,,,,,,,,0.0,64062160614.0,,,4-1101,14.0,2.0
Edwards Mac Scovell,c.126,Level 7 140 St George's Tce,,,,,,,,,862450222,,,,,,,,,,,,,0.0,47611837980.0,,,4-1101,14.0,2.0
Accident Claim Lawyers,c.125,WA: Level 25 108 St Georges Terrace,,,,,,,,,61491600,,,,,,,,,,,,,0.0,74621870308.0,,,4-1101,14.0,2.0
Perth GP,c.124,1 South Lake Drive Cnr South Lake & Berrigan Drive,,,,,,,,,94126868,,lakesmed@perthgp.com.au,,,,,,,,,,,0.0,55162175340.0,,,4-1101,14.0,2.0
BHP Billiton - Nickel West,c.116,Nickel West Supply Lvl 17/ Central Park 152-158 St Georges Tce,,,,,,,,,0890378500,,supplyap-review@bhp.com,,,,,,,,,,,0.0,76004184598.0,,,4-1101,30.0,2.0
Health Integra,c.121,6 Centennial Place,,,,,,,,,93747000,,accountstwo@gpscmidland.com.au,,,,,,,,,,,0.0,52135064621.0,,,4-1101,14.0,2.0
Attadale Rehabilitation Hospital,c.123,21 Hislop Rd,,,,,,,,,93301000,,accountspayable.vim@ramsayhealth.com.au,,,,,,,,,,,0.0,15318100759.0,,,4-1101,14.0,2.0
Falcon Engineering,c.122,,,,,,,,,,0893930095,,accounts@falconeng95.com.au,,,,,,,,,,,0.0,43070111474.0,,,4-1101,14.0,2.0
IDOM Midland,c.120,,,,,,,,,,61642000,,michael.honey@midlandmitsubishi.com.au,,,,,,,,,,,0.0,11111111111.0,,,4-1101,14.0,2.0
Ability Centre - Bradford  Views Villa 3,,,,,,,,,,1300 106 106,,,anita.patel@abilitywa.com.au,,,,,,,,,,,0.0,,,,,14.0,2.0
Baptistcare - Mirrambeena,,,,,,,,,,9282 8600,9282 8616   Melissa,,Claire.Eaton@baptistcare.com.au,,,,,,,,,,,0.0,,,,,14.0,2.0
Wungening Aboriginal Corporation,c.131,211 Royal Street,,,,,,,,,0892211411,,accounts@wungening.com.au,,,,,,,,,,,0.0,75269896304.0,,,4-1101,14.0,2.0
Western Radiology,c.68,Suite 2 810 North Lake Road,,,,,,,,,0892002777,,chsaccounts@wradi.com.au,,,,,,,,,,,0.0,94836556254.0,,,4-1101,30.0,2.0
Frankland Estate Wines Pty Ltd,c.137,530 Frankland Road,,,,,,,,,0898551544,,accounts@franklandestate.com.au,,,,,,,,,,,0.0,39798627309.0,,,4-1101,14.0,2.0
Office of the Auditor General,c.136,7/469 Wellington St,,,,,,,,,0865577500,,finadmin@audit.wa.gov.au,,,,,,,,,,,0.0,0.0,,,4-1101,30.0,2.0
Specialised Linen Services,c.135,,,,,,,,,,0894591786,,,alison.smith@splservices.com.au,,,,,,,,,,0.0,55611100371.0,,,4-1101,14.0,2.0
Ability Centre - Bradford  Views Trans Villa 4,,,,,,,,,,,,,Agencyinvoice@abilitycentre.com.au,,,,,,,,,,,0.0,,,,,14.0,2.0
Perth Radiological Clinic Joondalup,,,,,,,,,,,,,Matt.McQuillan@perthradclinic.com.au,,,,,,,,,,,0.0,,,,,14.0,2.0
Sandfire Resources NL,c.130,Level 2 10 Kings Park Road,,,,,,,,,64303800,,accounts@sandfire.com.au,,,,,,,,,,,0.0,55105154185.0,,,4-1101,14.0,2.0
Osborne Park Chrysler Jeep Dodge,c.128,474 Scarborough Beach Road,,,,,,,,,0894929455,,mdeighton@ahg.com.au,,,,,,,,,,,0.0,68758597671.0,,,4-1101,14.0,2.0
Hocart Lodge Aged Centre - Harvey,,,,,,,,,,,,,accounts@hocartlodge.com.au,,,,,,,,,,,0.0,,,,,14.0,2.0
St John Ambulance Australia,c.133,209 Great Eastern Hwy Cnr Lapage Street,,,,,,,,,93341222,,Accounts.Payable@stjohnwa.com.au,,,,,,,,,,,0.0,55028468715.0,,,4-1101,14.0,2.0
Central Gippsland Health Service,c.138,155 Guthridge Pde,,,,,,,,,0351438600,,,,,,,,,,,,,0.0,85050485681.0,,,4-1101,14.0,2.0
South East Radiology,c.139,33 Berry St,,,,,,,,,0244221500,,jmarsden@serad.com.au,,,,,,,,,,,0.0,91629217090.0,,,4-1101,14.0,2.0
Benchmark Engineering,c.142,,,,,,,,,,92488884,,accounts@benchmarkeng.com.au,,,,,,,,,,,0.0,12132960957.0,,,4-1101,30.0,2.0
Ability Centre - Minderoo Villa 1,,,,,,,,,,,,,,,,,,,,,,,,0.0,,,,,14.0,2.0
Women's Legal Service WA INC,c.141,,,,,,,,,,0892728855,,Accounts@WLSWA.org.au,,,,,,,,,,,0.0,44551144230.0,,,4-1101,14.0,2.0
Mental Health Commission,c.143,,,,,,,,,,,,rbanks@comhwa.org.au,,,,,,,,,,,0.0,0.0,,,4-1101,14.0,2.0
Southbank Day Surgery - South Perth,,admin@southbankdaysurgery.com.au,,,,,,,,08 9368 7344,,,accounts@southbankdaysurgery.com.au,,,,,,,,,,,0.0,,,,,14.0,2.0
Mount Endocrinology,c.129,Suite 24 Mount Medical Centre 46 Mounts Bay Road,,,,,,,,,94812054,,manager@mountendo.com.au,,,,,,,,,,,0.0,22891280573.0,,,4-1101,14.0,2.0
Cardio Vascular Services,c.140,Suite 15 Hollywood Specialist Centre 95 Monash Avenue,,,,,,,,,0863893500,,accountscvs@receiptbank.me,,,,,,,,,,,0.0,43089068897.0,,,4-1101,14.0,2.0
Chapmans Barristers & Solicitors,c.146,20 Kings Park Road,,,,,,,,,92261600,,admin@chapmanslawyers.com,,,,,,,,,,,0.0,25165789533.0,,,4-1101,14.0,2.0
Toshiba International Corporation Pty Ltd,c.145,30 Anderson Place,,,,,,,,,0862725600,,stemberger@tic.toshiba.com.au,,,,,,,,,,,0.0,29001555068.0,,,4-1101,30.0,2.0
Formbys Lawyers,c.147,Unit 6 9 Bowan sTreet,,,,,,,,9354 0300,,,debbie@formbyslawyers.com,,,,,,,,,,,0.0,65109691947.0,,,4-1101,14.0,2.0
Australian Integrated Steelwork Co,c.144,23 McIntyre Way,,,,,,,,9493 4525,,,accounts@aisco.com.au,,,,,,,,,,,0.0,95127262953.0,,,4-1101,40.0,4.0
Process Minerals International Pty Ltd,c.148,1 Sleat Rd,,,,,,,,,,,accountspayable.statements@mrl.com.au,,,,,,,,,,,0.0,49063988894.0,,,4-1101,45.0,4.0
Pride Plumbing & Gas,c.149,289 Guildford Road,,,,,,,,9271 4021,,,Accounts@choiceone.com.au,,,,,,,,,,,0.0,24813908804.0,,,4-1101,30.0,2.0
Global Rewinds,c.154,64 Miguel Road,,,,,,,,,94346655,,paul@globalrewinds.com.au,,,,,,,,,,,0.0,77079372017.0,,,4-1101,14.0,2.0
Sir Charles Gairdner Hospital - PSS,,,,,,,,,,,,,SCGOPHCGFinance.ClinicalCorporate@health.wa.gov.au,,,,,,,,,,,0.0,,,,,14.0,2.0
Ability Centre - Honeysuckle Close,,,,,,,,,,,,,Agencyinvoice@abilitycentre.com.au,,,,,,,,,,,0.0,,,,,14.0,2.0
BGC Plasterboard,c.155,290 Bushmead Road,,,,,HAZELMERE,WA,6055,AU,93742935,,plasterboardap@bgc.com.au,,,,,,,,,,,0.0,62005736005.0,,,4-1101,30.0,2.0
Bluechip CNC Machining,c.151,10 Egmont Road,,,,,HENDERSON,WA,6166,AU,0894376070,,sasha@bluechipgroup.com.au,,Account Payable,,,,,,,,,0.0,79075409559.0,,,4-1101,14.0,2.0
Stirling Business Association,c.153,45 Delawney Street,,,,,BALCATTA,WA,6021,AU,0892401288,,stirlingbusiness@receiptbank.me,,Account Payable,,,,,,,,,0.0,66528878125.0,,,4-1101,14.0,2.0
Ability Centre - Scott,,,,,,,,,,,,,Agencyinvoice@abilitycentre.com.au,,,,,,,,,,,0.0,,,,,14.0,2.0
Noosa Radiology,c.158,90 Goodchap St,,,,Noosaville,QLD,4567,Australia,,0754409700,,,,0754407222 ?,,,,,,,,,0.0,53134907118.0,,,4-1101,14.0,2.0
Techworks,c.156,65 Roberts Road,,,,,OSBORNE PARK,WA,6017,,,,info@twgroup.com.au,,,,,,,,,,,0.0,82152857291.0,,,4-1101,30.0,4.0
Poseidon Nickel Limited,c.157,Unit 8 Churchill Court 331-335 Hay Street,,,,,SUBIACO,WA,6008,AU,0861676600,,accounts@poseidon-nickel.com.au,,,,,,,,,,,0.0,60060525206.0,,,4-1101,14.0,2.0
Caravan Industry Association Western Australia,c.160,,,,,,,,,,0893585622,,tracey@caravanwa.com.au,,,,,,,,,,,0.0,57932524364.0,,,4-1101,14.0,2.0
Cambridge Psychology,c.161,,,,,,,,,,,,paulbuttigieg@cambridgepsychology.com.au,,,,,,,,,,,0.0,18616963930.0,,,4-1101,14.0,2.0
Capital Radiology WA,c.164,,,,,,,,,9754 4730,,,ap@capitalradiology.com.au,,,,,,,,,,,0.0,87143919395.0,,,4-1101,30.0,2.0
Regis Resources Ltd,c.162,,,,,,,,,9442 2200,,,invoices@regisresources.com,,,,,,,,,,,0.0,28009174761.0,,,4-1101,30.0,2.0
WACHS - Kalgoorlie,,,,,,,,,WA Country,9080 8200,,,Ellis.Mclean@health.wa.gov.au,,,,,,,,,,,0.0,,,,,14.0,2.0
Department of Communities - Josh Claughton,,,,,,,,,,,,,Portia.Mselekui@communities.wa.gov.au,,,,,,,,,,,0.0,,,,4-1100,30.0,2.0
St Jude's Health Care Services,,,,,,,,,,9279 4343,,,accounts@stjudes.com.au,,,,,,,,,,,0.0,,,,4-1100,14.0,2.0
Round Oak Jaguar Pty Ltd,c.159,Suite 4 / Level 5 85 South Perth Esplanade,,,,,,,,,0892388300,,accounts.jaguar@roundoakmin.com.au,,,,,,,,,,,0.0,51060620751.0,,,4-1101,30.0,4.0
Platinum Tank Services,c.166,22 Sparks Rd,,,,,,,,,94373099,,Natasha@platinumtanks.com.au,,,,,,,,,,,0.0,57631202161.0,,,4-1101,14.0,2.0
Pilbara Resource Group,c.163,Unit 3 32 Harrogate Street,,,,,,,,64248219,,,accounts@pilbararg.com.au,,,,,,,,,,,0.0,42616486116.0,,,4-1101,45.0,4.0
Colpcare,c.59,15B/151 Herdsman Parade,,,,,,,,,0893837500,,aligarvin@iprimus.com.au,,,,,,,,,,,0.0,30602805961.0,,,4-1101,14.0,2.0
ASC Pty Ltd,c.152,20 Nautical Drive,,,,,,,,,0894104100,,accounts.payable@asc.com.au,,,,,,,,,,,0.0,64008605034.0,,,4-1101,30.0,4.0
Brightwater Redcliffe,,,,,,,,,,,,,accounts.payable@brightwatergroup.com,,,,,,,,,,,0.0,,,,4-1100,14.0,2.0
Department of Local Government,c.170,,,,,,,,,0894929700,,,accountspayable@dlgsc.wa.gov.au,,,,,,,,,,,0.0,0.0,,,4-1101,30.0,2.0
Mount Hawthorn Family Practice,c.174,,,,,,,,,94447227,,,aekelly73@hotmail.com;theunsburger@hotmail.com,,,,,,,,,,,0.0,25755746483.0,,,4-1101,14.0,2.0
BHP - Nickel West - Perth office,c.167,,,,,,,,,,,,supplyap-review@bhp.com,,,,,,,,,,,0.0,76004184598.0,,,4-1101,30.0,2.0
WACHS - Southern Cross,,,,,,,,,,,,,Donna.Crafter@health.wa.gov.au;WBR-REOC@health.wa.gov.au,,,,,,,,,,,0.0,,,,,14.0,2.0
Newmont Australia - Tanamai,c.171,,,,,,,,,0889578200,,,invoices@newmont.com,,,,,,,,,,,0.0,22008087778.0,,,4-1101,45.0,2.0
Breakthrough Haematology,c.172,,,,,,,,,0861194457,,,Kylie@breakthroughhaematology.com.au,,,,,,,,,,,0.0,41682991545.0,,,4-1101,14.0,2.0
AngloGold Ashanti Australia Limited,c.169,SUNRISE DAM,,,,,,,,0890803765,,,accountspayable@anglogoldashanti.com,,,,,,,,,,,,,,,,,
STRICTLY Statements : STATEMENTAUAP@anglogoldashanti.com  Queries:  accountspayable@anglogoldashanti.com,,,,,,,,,,,,,,,,,,,,,,,,,,,,,,
A,,,,terms monthly in arrears,Contract based,0,2,0,30,0,0,0,,0,0,,,,,,,,70064458260.0,,,,,,,
WACHS - Corrigin,,,,,,,,,,,,,corrigin.hospital@health.wa.gov.au,,,,,,,,,,,0.0,,,,,14.0,2.0
WACHS - Geraldton,,,,,,,,,,,,,Kumar.Deep@health.wa.gov.au,,,,,,,,,,,0.0,,,,,14.0,2.0
Ability Centre,,,,,,,,,,,,,accounts.payable@abilitywa.com.au,,,,,,,,,,,0.0,,,,,14.0,2.0
Brightwater Cannington (Hamilton House),,,,,,,,,,,,,accounts.payable@brightwatergroup.com,,,,,,,,,,,0.0,,,,,14.0,2.0
Chapman Lawyers,c.177,,,,,,,,,0892261600,,,reception@chapmanslawyers.com,,,,,,,,,,,0.0,25165789533.0,,,4-1101,14.0,2.0
HR Clinic Services Unit Trust (Qscan Radiology Cli,c.175,,,,,,,,,0362402300,,,,,,,,,,,,,,0.0,67614197152.0,,,4-1101,14.0,2.0
Ability Centre - Edale (Lodge),,,,,,,,,,,,,Agencyinvoice@abilitycentre.com.au,,,,,,,,,,,0.0,,,,,14.0,2.0
Perth Urology Clinic (Urologywest) - Nedlands,c.176,,,,,,,,,0893222435,,,accounts@perthurologyclinic.com.au,,,,,,,,,,,0.0,0.0,,,4-1101,14.0,2.0
WACHS - Morawa,,vanessa.parker@health.wa.gov.au,Director of Nursing for Mowara & Mullewa,,,,,,,,,,MorawaAdmin.WACHS-Midwest@health.wa.gov.au;,,,,,,,,,,,0.0,,,,,14.0,2.0
Perth Urology Clinic (Urologywest) - Murdoch,c.173,,,,,,,,,61892970,,,accounts@perthurologyclinic.com.au,,,,,,,,,,,0.0,0.0,,,4-1101,14.0,2.0
Yorganop Association Incorporated,c.180,1320 Hay Street,,,,WEST PERTH,WA,6005,,93219090,,,admin@yorganop.org.au,,,,,,,,,,,0.0,68404150813.0,,,4-1101,14.0,2.0
Western Psychiatry Pty Ltd,c.178,,,,,,,,,61401730,,,reception@wpwa.com.au,,,,,,,,,,,0.0,83818302676.0,,,4-1101,14.0,2.0
Custom Fluidpower,c.179,,,,,,,,,94413200,,,ap@custom.com.au,,,,,,,,,,,0.0,61090926659.0,,,4-1101,14.0,2.0
Armadale Education Support Centre,,,,,,,,,,9497 6402,,,Armadale.esc.accounts@education.wa.edu.au,,,,,,,,,,,0.0,,,,,14.0,2.0
Mirrors WA,,,,,,,,,,,,,accounts@mirrorswa.com.au,,,,,,,,,,,0.0,,,,,14.0,2.0
Eaton Medical Centre,c.183,,,,,,,,,,0897243311,,accounts@eatonmedical.com.au,,,,,,,,,,,0.0,94437651126.0,,,4-1101,14.0,2.0
Titan Recruitment,c.182,,,,,,,,,64670600,,,Craig@titanrecruitment.com.au,,,,,,,,,,,0.0,34086897636.0,,,4-1101,14.0,2.0
Mosman Park Family Practice,,,,,,,,,,,,,hannah@brandido.agency,,,,,,,,,,,0.0,,,,,14.0,2.0
St Jude's Health Care Services - Jacquie Black,,,,,,,,,,,,,nicola.u@stjudes.com.au,,,,,,,,,,,0.0,,,,,14.0,2.0
Total Rockbreaking Solutions,c.184,,,,,,,,,1300921498,,,marketing@trswa.com.au,,,,,,,,,,,0.0,50163642233.0,,,4-1101,14.0,2.0
WACHS - Coolgardie,,,,,,,,,,,,,kay.terry@health.wa.gov.au,,,,,,,,,,,0.0,,,,,14.0,2.0
WACHS - Wongan Hills,,,,,,,,,,,,,chloe.manuk@health.wa.gov.au,,,,,,,,,,,0.0,,,,,14.0,2.0
WACHS - Brookton/Pingelly,,,,,,,,,,,,,Chloe.Manuk@health.wa.gov.au,,,,,,,,,,,0.0,,,,,14.0,2.0
WACHS - Laverton,,,,,,,,,,,,,Kay.Terry@health.wa.gov.au,,,,,,,,,,,0.0,,,,,14.0,2.0
WACHS - Kondinin,,,,,,,,,,,,,Kondinin.healthservice@health.wa.gov.au,,,,,,,,,,,0.0,,,,,14.0,2.0
Westgold Resources,c.186,Level 6 197 St Georges Tce,aragon.ap@westgold.com.au,,,,,,,0894623400,,,bbg.ap@westgold.com.au,,,,,,,,,,,0.0,60009260306.0,,,4-1101,30.0,4.0
Brightwater Inglewood,,,,,,,,,,61848545,,,accounts.payable@brightwatergroup.com,,,,,,,,,,,0.0,,,,,14.0,2.0
Shenton Pumps,c.185,,,,,,,,,,,,accounts@shenton.com.au,,,,,,,,,,,0.0,,,,,14.0,2.0
Crushing Services International Pty Ltd,c.187,,,,,,,,,,,,invoices@mrl.coupahost.com,,,,,,,,,,,0.0,,,,,45.0,4.0
Department of Water and Environmental Regulation,,,,,,,,,,08 6364 7000,,,,,,,,,,,,,,0.0,28420443065.0,,,4-1101,30.0,2.0
Big Bell Gold Operations Pty Ltd,c.256,,,,,,,,,0894623400,,,,bbg.ap@westgold.com.au,,,,,,,,,,0.0,60009260306.0,,,4-1101,30.0,4.0
WACHS - Northam,,,,,,,,,,,,,Jacob.Kurian@health.wa.gov.au,,,,,,,,,,,0.0,,,,,14.0,2.0
WACHS - Tom Price (Paraburdoo),,,,,,,,,,,,,WACHSPB_POPHealthAdmin@health.wa.gov.au,,,,,,,,,,,0.0,,,,,14.0,2.0
WA Country Health Service,c.190,,,,,,,,,,,,WACHS.AccountsPayable@health.wa.gov.au,,,,,,,,,,,0.0,,,,,14.0,2.0
WACHS - Beverley,,,,,,,,,,,,,Joyce.Walker@health.wa.gov.au,,,,,,,,,,,0.0,,,,,14.0,2.0
WACHS - Three Springs,,,,,,,,,,,,,NMHSAdmin@health.wa.gov.au,,,,,,,,,,,0.0,,,,,14.0,2.0
SMS Rental,c.192,,,,,,,,,,,,wenyi.cai@smsmining.com.au,,,,,,,,,,,0.0,,,,,60.0,4.0
Britone Aluminium & Glazing Services,c.191,,,,,,,,,,,,accounts@britone.com.au,,,,,,,,,,,0.0,,,,,14.0,2.0
WACHS - Bruce Rock,,,,,,,,,,,,,brucerockenquiries@health.wa.gov.au,,,,,,,,,,,0.0,,,,,28.0,2.0
WACHS -Bodd.Dark.Williams,,,,,,,,,,,,,liz.rankin@health.wa.gov.au,,,,,,,,,,,0.0,,,,,14.0,2.0
PERTHRADCLINIC LTD,c.193,,,,,,,,,,,,invoices@perthradclinic.com.au,,,,,,,,,,,0.0,,,,,14.0,2.0
WACHS - Moora,,,Katrina.Lee@health.wa.gov.au,,,,,,,,,,MooraAccounts@health.wa.gov.au,,,,,,,,,,,0.0,,,,,28.0,2.0
WACHS - Cunderdin,,,,,,,,,,,,,cunderdin@health.wa.gov.au,,,,,,,,,,,0.0,,,,,14.0,2.0
Bruce Rock Engineering,c.194,,,,,,,,,(08) 9061 1253,,,accounts@brucerockengineering.com.au;kim.m@brucerockengineering.com.au,,,,,,,,,,,0.0,,,,,14.0,2.0
WACHS- Meekatharra,,,,,,,,,,,,,MeekatharraNurseMgr@health.wa.gov.au,,,,,,,,,,,0.0,,,,,14.0,2.0
Global Cardiology,c.196,,,,,,,,,,,,sandra@globalcardiology.com.au,,,,,,,,,,,0.0,,,,,14.0,2.0
Lumus Imaging,c.406,,,,,,,,,0862989960,,,imaging.ap@healthcareimaging.com.au,,,,,,,,,,,0.0,,,,,14.0,2.0
WACHS-Jurien Bay Health Centre,,,,,,,,,,,,,Annette.Fookes@health.wa.gov.au,,,,,,,,,,,0.0,,,,,14.0,2.0
WACHS - Narrogin,,,,,,,,,,,,,sara.pellant@health.wa.gov.au,,,,,,,,,,,0.0,,,,,14.0,2.0
ZZZ BHP Petroleum Pty Ltd,c.198,,,,,,,,,,,,,,,,,,,,,,,0.0,,,,,14.0,2.0
Perth Laser Vision Centre,c.199,,,,,,,,,,,,KathyM@perthlaservision.com.au,,,,,,,,,,,0.0,,,,,14.0,2.0
AKMD Medical Centre,,,,,,,,,,,,,,,,,,,,,,,,0.0,,,,,14.0,2.0
Oral & Maxillofacial Surgery of WA,c.202,,,,,,,,,,,,franc.henze@gmail.com,,,,,,,,,,,0.0,,,,,14.0,2.0
WACHS - Merredin Covid,,,,,,,,,,,,,whr-cov-vac@health.wa.gov.au,,,,,,,,,,,0.0,,,,,14.0,2.0
Dr Michelle Atherton,c.195,,,,,,,,,,,,accounts@uros.com.au,,,,,,,,,,,0.0,,,,,14.0,2.0
WACHS - Karratha,,,,,,,,,,,,,Chloe.Manuk@health.wa.gov.au;WACHSPB_POPHealthAdmin@health.wa.gov.au,,,,,,,,,,,0.0,,,,,14.0,2.0
WACHS - Newman,,,,,,,,,,,,,WACHSPB_POPHealthAdmin@health.wa.gov.au,,,,,,,,,,,0.0,,,,,14.0,2.0
GTS Advisory,c.205,,,,,,,,,,,,mtribut@gtsadvisory.com.au,,,,,,,,,,,0.0,,,,,14.0,2.0
Reynolds Road Medical Centre,,,,,,,,,,,,,manager@rrmed.com,,,,,,,,,,,0.0,,,,,14.0,2.0
Ability Centre - Bamboore Cr,,,,,,,,,,,,,Agencyinvoice@abilitycentre.com.au,,,,,,,,,,,0.0,,,,,14.0,2.0
Aurenne Parker Range Pty Ltd,c.206,"New address: Level 2, 3 Ord Street WEST PERTH WA 6005",,,,,,,,,,,accounts@aurenne.com,,,,,,,,,,,0.0,,,,,30.0,2.0
Cooper Fluid Systems,c.204,kirk.mcconachy@cfs.cgl.com.au,,,,,,,,,,,accountspayable@cgl.com.au,,,,,,,,,,,0.0,,,,,30.0,4.0
Osborne Park Hospital (WA),c.208,,,,,,,,,,,,Paul.Merenda@health.wa.gov.au,,,,,,,,,,,0.0,,,,,14.0,2.0
WACHS - Merredin,,,,,,,,,,,,,Susan.Shaw@health.wa.gov.au,,,,,,,,,,,0.0,,,,,14.0,2.0
WACHS - Kellerberrin,,sara.curtis@health.wa.gov.au,,,,,,,,,,,Theresa.beech@health.wa.gov.au,,,,,,,,,,,0.0,,,,4-1100,14.0,2.0
Golden Spur Resources,c.209,,,,,,,,,64248077 Sylvia,,,accounts@bellevuegold.com.au,,,,,,,,,,,0.0,,,,,30.0,2.0
Attadale Physiotherapy,c.212,,,,,,,,,,,,attphys@iinet.net.au,,,,,,,,,,,0.0,,,,,14.0,2.0
South Coast Radiology,c.210,,,,,,,,,,,,,,,,,,,,,,,0.0,,,,,14.0,2.0
Penske Commercial Leasing Australia,c.211,,,,,,,,,,,,mstewart@penske.com.au,,,,,,,,,,,0.0,,,,,14.0,2.0
Department of Communities - Tatianna,,,,,,,,,,,,,Chris.Neilson@communities.wa.gov.au,,,,,,,,,,,0.0,,,,,30.0,2.0
Department of Trainning Workforce,,,,,,,,,,,,,,,,,,,,,,,,0.0,,,,,14.0,2.0
Hunter Imaging,c.216,,,,,,,,,,,,hig.ap@sonichealthcare.com.au,,,,,,,,,,,0.0,,,,,14.0,2.0
WACHS - Collie,,,,,,,,,,,,,WACHS.EOCWorkforce@health.wa.gov.au,,,,,,,,,,,0.0,,,,4-1100,14.0,2.0
Safe Work Laboratories,c.218,,,,,,,,,,,,accounts@swlabs.com.au,,,,,,,,,,,0.0,,,,,14.0,2.0
Lynas Corporation Ltd,c.215,,,,,,,,,08 62413800 (WA No),08 6241381 (AP Athir),,WAccounts@lynascorp.com,,,,,,,,,,,0.0,,,,,7.0,2.0
Airfab Pty Ltd,c.214,,,,,,,,,,,,accounts@airfabpl.com.au,,,,,,,,,,,0.0,,,,,30.0,4.0
Brightwater Huntingdale,,,,,,,,,,,,,bwinvoice@brightwatergroup.com,,,,,,,,,,,0.0,,,,,30.0,2.0
WACHS - COVID Swabber,,,,,,,,,,,,,WACHS.EOCWorkforce@health.wa.gov.au,,,,,,,,,,,0.0,,,,,14.0,2.0
Western Eye,c.219,,,,,,,,,,,,fiona.wong@westerneye.com.au,,,,,,,,,,,0.0,,,,,30.0,4.0
Cobham Aviation Services,c.222,,,,,,,,,,,,Jennifer.SHORE@cobham.com.au;Mohit.Chauhan@cobham.com.au,,,,,,,,,,,0.0,,,,,30.0,5.0
Central Systems Pty Ltd,c.217,,,,,,,,,0894432928,,,accounts@centralsystems.com.au,,,,,,,,,,,0.0,,,,,30.0,4.0
Swanside Obstetrics & Gyneacology,c.203,,,,,,,,,,,,mayada06@yahoo.com,,,,,,,,,,,0.0,,,,,14.0,2.0
WACHS - COVID Vaccinator,,,,,,,,,,,,,WACHS.COVID19Vaccinations@health.wa.gov.au,,,,,,,,,,,0.0,,,,,14.0,4.0
No Limitts,,,,,,,,,,,,,melissah@nolimitts.com.au,,,,,,,,,,,0.0,,,,,30.0,4.0
Department of Communities Orchard Ave,,,,,,,,,,,,,Katherine.Fendley@communities.wa.gov.au,,,,,,,,,,,0.0,,,,,30.0,4.0
WACHS - Merredin Health Centre,,,,,,,,,,,,,Susan.Shaw@health.wa.gov.au;wheatbelt-BM-East@health.wa.gov.au,,,,,,,,,,,0.0,,,,,14.0,4.0
Castlegate Family Dental Care,c.220,,,,,,,,,,,,pm@castlegatedental.com,,,,,,,,,,,0.0,,,,,30.0,4.0
IContracting,c.221,,,,,,,,,,,,accounts@icontracting.com.au,,,,,,,,,,,0.0,,,,,30.0,2.0
Queens Park Medical Centre,,,,,,,,,,,,,tim.ong@queensparkmedical.com.au,,,,,,,,,,,0.0,,,,,30.0,2.0
Department of Communities - Jesse & Harper Wilson,,,,,,,,,,,,,Daniel.Ango-Tandoh@communities.wa.gov.au,,,,,,,,,,,0.0,,,,,30.0,2.0
WACHS - Merredin Hospital,,WACHS.AccountsPayable@health.wa.gov.au,,,,,,,,,,,susan.shaw@health.wa.gov.au,,,,,,,,,,,0.0,,,,,14.0,2.0
Aurenne Mt Ida Pty Ltd,c.200,"New address: Level 2, 3 Ord Street WEST PERTH WA 6005",,,,,,,,,,,accounts@aurenne.com,,,,,,,,,,,0.0,,,,,30.0,2.0
Ignite Community Network Pty Ltd,c.802,,,,,,,,,,,,Accounts@ignitecn.com.au,,,,,,,,,,,0.0,,,,,14.0,2.0
Occumed,c.224,,,,,,,,,,,,accounts@occumed.com.au,,,,,,,,,,,0.0,,,,,30.0,2.0
Ballajura Medical Centre,c.227,,,,,,,,,,,,admin@ballajuramedical.com.au,,,,,,,,,,,0.0,,,,,14.0,2.0
Motum Pty Ltd,c.226,,,,,,,,,93812087,,,kym@motum.com.au,,kym work Tue-Fr,,,,,,,,,0.0,,,,,30.0,2.0
RCR Mining Technologies Pty Ltd,c.225,RCR Mining Technologies Pty Ltd,,,,,,,,,,,accounts.payable@rcrmt.com.au,,,,,,,,,,,0.0,,,,,45.0,2.0
Radiology Tasmania,c.230,,,,,,,,,,,,ap@capitalradiology.com.au,k.nguyen@capitolhealth.com.au,,,,,,,,,,0.0,,,,,30.0,2.0
St John of God Hospital,c.223,,,,,,,,,,,,group.accountspayable@sjog.org.au,,,,,,,,,,,0.0,,,,,14.0,2.0
Best Bar Reinforcements,c.229,,,,,,,,,,,,ap@bestbar.com.au,,,,,,,,,,,0.0,,,,,30.0,2.0
Department of Communities Kyle Thomas,,,,,,,,,,,,,Katherine.Fendley@communities.wa.gov.au,,,,,,,,,,,0.0,,,,,30.0,2.0
MercyCare Maddington,,,,,,,,,,,,,orange.office@mercycare.com.au,,,,,,,,,,,0.0,,,,,30.0,2.0
Lumus Imaging,c.231,,,,,,,,,,,,imaging.ap@healthcareimaging.com.au,,,,,,,,,,,0.0,,,,,14.0,2.0
One2One Pty Ltd,,,,,,,,,,(08) 6278 3900,,,payment@one2onewa.com.au,,,,,,,,,,,0.0,,,,,30.0,2.0
Department of Communities - Levi Judge,,,,,,,,,,,,,Shenali.Manuel@communities.wa.gov.au,,,,,,,,,,,0.0,,,,,30.0,2.0
Department of Justice,c.233,,,,,,,,,,,,,,,,,,,,,,,0.0,,,,,14.0,2.0
Regis North Fremantle,c.234,,,,,,,,,0385730444,,,northfremantleom@regis.com.au,,,,,,,,,,,0.0,,,,,30.0,2.0
Palatchies,c.236,,,,,,,,,,,,margaret@palatchie.com.au,,,,,,,,,,,0.0,,,,,30.0,2.0
Paul Moroz,c.239,,,,,,,,,,,,pmoroz@jhcsurgery.com.au,,,,,,,,,,,0.0,,,,,14.0,2.0
Ability Centre - Minderoo Villa 2,,,,,,,,,,,,,Agencyinvoice@abilitycentre.com.au,,,,,,,,,,,0.0,,,,,30.0,2.0
Indigo Solutions,c.242,,,,,,,,,0893810600,,,accounts@indigosolutions.org.au,,,,,,,,,,,0.0,,,,,30.0,2.0
McCourt Street Paediatrics,c.238,,,,,,,,,,,,lynda.chadwick@health.wa.gov.au,,,,,,,,,,,0.0,,,,,30.0,2.0
Mandurah Gynaecology Specialists,c.241,,,,,,,,,,,,info@drwardmgs.com.au,,,,,,,,,,,0.0,,,,,30.0,2.0
Patches Paediatrics,c.240,,,,,,,,,,,,enquiries@patches.com.au,,,,,,,,,,,0.0,,,,,30.0,2.0
Western Urology,c.244,,,,,,,,,,,,,,,,,,,,,,,0.0,,,,,30.0,2.0
Department of Communities - Lance Webster,,,,,,,,,,,,,Sally.Furniss@communities.wa.gov.au,Nancy.Anvieh@communities.wa.gov.au,,,,,,,,,,0.0,,,,,30.0,2.0
NRW Holdings Pty Ltd (parent) (previously BGC Cont,c.245,,,,,,,,,,,,nrwc.ap@nrw.com.au,,,,,,,,,,,0.0,,,,,14.0,4.0
Aegis - Amberley Nursing Home,,,,,,,,,,,,,accounts@aegiscare.com.au,,,,,,,,,,,0.0,,,,,30.0,2.0
Hills Physiological Services,c.246,,,,,,,,,,,,hillspsychologicalservices@bigpond.com,,,,,,,,,,,0.0,,,,,30.0,2.0
Acacia Living Group Ltd,,,,,,,,,,,,,accounts@acacialiving.com.au,,,,,,,,,,,0.0,,,,,30.0,2.0
Regis Aged Care (greenmount),c.251,,,,,,,,,0385730444,,,greenmountom@regis.com.au,,,,,,,,,,,0.0,,,,,14.0,2.0
Chamber of Minerals And Energy of WA Inc,c.250,,,,,,,,,,,,accounts@cmewa.com,,,,,,,,,,,0.0,,,,,30.0,2.0
Botanic Gardens And Parks Authority,c.255,,,,,,,,,,,,,,,,,,,,,,,0.0,,,,,14.0,2.0
Arts and Culture Trust (DLGSC),c.253,was Perth Theatre Trust,Sree -AP contact - not Florrie now!,,,,,,,0892650983,,,accounts.payable@artsculturetrust.wa.gov.au,,,,,,,,,,,0.0,,,,,14.0,2.0
Assist Plan Managers,,,,,,,,,,,,,invoices@assistplanmanagers.com.au,,,,,,,,,,,0.0,,,,,14.0,2.0
Vein and Artery Specialist Clinic,c.254,,,,,,,,,,,,admin@vasc.com.au,,,,,,,,,,,0.0,,,,,30.0,2.0
Deep Yellow Ltd,c.252,,,,,,,,,,,,gillian.swaby@deepyellow.com.au,,,,,,,,,,,0.0,,,,,14.0,2.0
WACHS - Meekatharra,,,,,,,,,,,,,MeekatharraAdmin.WACHS-Midwest@health.wa.gov.au,,,,,,,,,,,0.0,,,,,14.0,2.0
Karrinyup St Lukes Medical Centre,c.258,,,,,,,,,,,,pmanager@stlukemc.com.au,,,,,,,,,,,0.0,,,,,30.0,2.0
National Lubrication Systems,c.262,,,,,,,,,,,,Aldo.depaoli@natlube.com.au,,,,,,,,,,,0.0,,,,,14.0,2.0
Teck Australia,c.257,,,,,,,,,,,,perth@teck.com,,,,,,,,,,,0.0,,,,,14.0,2.0
Consumers of Mental Health WA,c.259,12/275 Belmont Ave,,,,Cloverdale,WA,6105,,,,,rbanks@comhwa.org.au,,,,,,,,,,,0.0,,,,,14.0,2.0
City of Canning,c.260,,,,,,,,,(08) 9231 0606,,,accounts@canning.wa.gov.au,,,,,,,,,,,0.0,,,,,30.0,2.0
Strandline Resources Limited,c.261,,,,,,,,,,,,accounts@strandline.com.au,enquiries@strandline.com.au,,,,,,,,,,0.0,,,,,30.0,2.0
Fresenius Medical Care Rockingham,c.264,,,,,accounts.payableau@fmc-asia.com,,,,,,,gemma.valdez@fmc-asia.com,Eric.Esquierdo@fmc-asia.com (remittance),,,,,,,,,,0.0,,,,,14.0,2.0
Department of Communities - Edna & Edward,,,,,,,,,,,,,Petronella.Utete@communities.wa.gov.au;Martin.Huynh@communities.wa.gov.au,,,,,,,,,,,0.0,,,,,30.0,2.0
City of Melville,c.269,press 0,,,,,,,,08 9364 0666,,,accounts.payable@melville.wa.gov.au,,,,,,,,,,,,,,,,,
A  Phone: (08) 9364 0666,,,,,,0,2,0,30,0,0,0,,0,0,,,,,,,,,,,,,,,
City of Perth,c.267,,,,,,,,,08 9461 3333,,,accounts.payable@cityofperth.wa.gov.au,,,,,,,,,,,0.0,,,,,30.0,4.0
Envision Medical Imaging Pty Ltd,c.270,,,,,,,,,,,,finance@envisionmi.com.au,,,,,,,,,,,0.0,,,,,14.0,2.0
Western Cardiology - Subiaco,c.268,,,,,,,,,,Angela Fazio,,bookkeeper@westerncardiology.com.au,,,,,,,,,,,0.0,,,,,14.0,2.0
Mount Gibson Iron Limited - Koolan Island,c.265,Level 1 2 Kings Park Road,,,,WEST PERTH,WA,6005,Australia,,,,accounts@mgx.com.au,,,,,,,,,,,0.0,,,,,30.0,4.0
Mineral Resources Transport Pty Ltd,c.235,Locked Bag 3,Caron.Tissong@mrl.com.au,Manages the account.,,"Canning Bridge, Applecross",WA,6153,,,,,invoices@mrl.coupahost.com,,,,,,,,,,,0.0,,,,,45.0,4.0
Regis Aged Care Nedlands,c.271,,,,,,,,,0385730444,,,nedlandsdtcm@regis.com.au,,,,,,,,,,,0.0,,,,,14.0,2.0
Regis Aged Care Coogee,c.272,"2 Pantheon Ave,",,,,North Coogee,,,,0385730444,,,coogeeam@regis.com.au,,,,,,,,,,,0.0,,,,,14.0,2.0
Fresenius Kidney Care - Stirling Dialysis Clinic,,,,,,,,,,,,,accounts.payableAU@fmc-asia.com,Eric.Esquierdo@fmc-asia.com (remittance),,,,,,,,,,0.0,,,,,14.0,2.0
Perth Womens Health,c.275,,,,,,,,,9310 0011 Sally,,,reception@pwhpl.com.au,,,,,,,,,,,0.0,,,,,14.0,2.0
I-Med Queensland,c.280,104 Breakfast Creek Road,,,,NEWSTEAD,QLA,4006,,0749273700,,,ap@i-med.com.au,,,,,,,,,,,0.0,,,,,14.0,2.0
Apex Radiology,c.279,115 Beach Road,,,,BUNBURY,WA,6231,,,,,ap.apex@idxgroup.com.au,,,,,,,,,,,0.0,,,,,14.0,2.0
Prime Radiology,c.281,,,,,,,,,,,,a.sarode@primeradiology.com.au,,,,,,,,,,,0.0,,,,,14.0,2.0
Regis Aged Care Woodlands,c.278,,,,,,,,,03 8518 7342,lwhite@regis.com.au,,woodlandsam@regis.com.au,accountspayable@regis.com.au,,,,,,,,,,0.0,,,,,14.0,2.0
"Regis Aged Care, Weston",c.282,118-120 Monash Ave,,,,NEDLANDS,WA,6009,,0893805211,,,westonam@regis.com.au,,,,,,,,,,,0.0,,,,,14.0,2.0
Beeliar Diagnostic Imaging,c.289,Yangebup,,,,YANGEBUP,WA,6164,,,,,reception@beeliardiagnosticimaging.com.au,,,,,,,,,,,0.0,67628027092.0,,,,14.0,2.0
Greenmount Resources Pty Ltd,c.283,"Level 1, 28 Ord Street",,,,West Perth,WA,6005,,,,,accounts@capmet.com.au,,,,,,,,,,,0.0,,,,,14.0,2.0
Avoca Mining,c.284,,,,,,,,,,,,accounts@karoraresources.com.au,,,,,,,,,,,0.0,,,,,30.0,2.0
Capital Radiology - Victoria,c.288,,,,,,,,,,,,ap@capitalradiology.com.au,,,,,,,,,,,0.0,,,,,14.0,2.0
ZZ Department of Communities,zz,52 The Crescent Cale house Level 1,In Astute is client c.286 (AJ),,,Midland,,,,,,,,,,,,,,,,,,0.0,,,,,30.0,2.0
Woodside Energy Limited,c.287,,,,,,,,,,,,petpaymentservices@woodside.com,,,,,,,,,,,0.0,,,,,21.0,4.0
WACHS - Wyalkatchem,,9 Honour Street,,,,Wyalkatchem,WA,6485,,,,,wyalkatchem-koo.district@health.wa.gov.au;Ros.Hamlet@health.wa.gov.au;Sharon.Lewis@health.wa.gov.au,,,,,,,,,,,0.0,,,,,14.0,2.0
City of Armadale,c.276,Central Admin 7 Orchard Avenue,mdilello@armadale.wa.gov.au,,,ARMADALE,WA,6112,,0893945170,,,accounts@armadale.wa.gov.au,,,,,,,,,,,0.0,,,,,30.0,2.0
City of Rockingham,c.285,,,,,,,,,9528 0333,,,accounts.payable@rockingham.wa.gov.au,,,,,,,,,,,0.0,,,,,30.0,2.0
I-Med Radiology Network,c.290,5 Frederick St,,,,LAUNCESTON,TAS,7250,,,,,brett@choiceone.com.au,,,,,,,,,,,0.0,,,,,14.0,2.0
Fresenius Kidney Care - Midland Dialysis Clinic,,GP Superclinic @ Midland- Level 1/6 Centennial Place,natalie.forde@fmc-asia.com,,,MIDLAND,WA,6056,,,,,gemma.valdez@fmc-asia.com,regional manager Dec22 below,0420 961 307,,,,,,,,,0.0,,,,,14.0,2.0
Infocus Radiology,c.293,Jodie Ng,0414579294,jodie.n@infocusradiology.com.au,,,,,,,,,hubdoc.accounts.xfkud9ni@app.hubdoc.com,,,,,,,,,,,0.0,,,,,30.0,2.0
BHP - Nickel West - Kwinana Refinery,c.291,,,,,,,,,,,,christopher.venkatas@bhp.com,,,,,,,,,,,0.0,,,,,60.0,2.0
"Department of Mines, Industry Regulation & Safety",c.295,,,,,,,,,,,,bianca.koehler@commerce.wa.gov.au,,,,,,,,,,,0.0,,,,,14.0,2.0
North Metro Health Servic,c.294,,,,,,,,,,,,Richard.Campbell@health.wa.gov.au,,,,,,,,,,,0.0,,,,,30.0,2.0
"Department of Jobs, Tourism, Science & Innovation",c.296,,,,,,,,,,,,ap@jtsi.wa.gov.au,,,,,,,,,,,0.0,,,,,14.0,2.0
Attadale Rehab Hospital,,,,,,,,,,,,,accountspayable.vim@ramsayhealth.com.au,,,,,,,,,,,0.0,,,,,14.0,2.0
Dr Ron Manasseh,c.298,,,,,,,,,,,,practicemanager@drmanasseh.com.au,,,,,,,,,,,0.0,,,,,7.0,2.0
Murdoch Ophthalmology Eye Specialist,c.299,,,,,,,,,,,,skingston@murdochOphthalmology.com.au,,,,,,,,,,,0.0,,,,,14.0,2.0
City of Belmont,c.301,,,,,,,,,94777222,,,accounts@belmont.wa.gov.au,,,,,,,,,,,0.0,,,,,30.0,4.0
Fresenius Kidney Care - Rockingham Dialysis Unit,,,,,,,,,,,,,accounts.payableAU@fmc-asia.com,,,,,,,,,,,0.0,,,,,30.0,2.0
St John of God Health Care - Subiaco Clinic,c.297,Kadri.Prants@sjog.org.au,,,,,,,,0861160000,,,group.accountspayable@sjog.org.au,,,,,,,,,,,0.0,,,,,14.0,2.0
Central Queensland Radiology,c.302,Was Imaging Queensland,,,,,,,,0754303900,,,iq-accounts@idxgroup.com.au,,,,,,,,,,,0.0,,,,,14.0,2.0
Women's & Breast Imaging,c.303,,,,,,,,,,,,conniel@wbi.net.au,,,,,,,,,,,0.0,,,,,14.0,2.0
North Metropolitan Health Services,c.304,,,,,,,,,,,,Richard.Campbell@health.wa.gov.au,,,,,,,,,,,0.0,,,,,30.0,2.0
Craigie Day Surgery,c.306,,,,,,,,,,,,accountspayable@adorafertility.com.au,accountspayable@adorafertility.com.au,,,,,,,,,,0.0,97639116500.0,,,,14.0,2.0
Reliance Finance,c.310,,,,,,,,,92717688,,,jzmasel@gmail.com,,,,,,,,,,,0.0,,,,4-1000,14.0,2.0
Quaker Oats Australia,c.309,,,,,,,,,(08) 9454 8166,,,quaker.ap@pepsico.com,,,,,,,,,,,0.0,73065540865.0,,,,60.0,2.0
Shire of Serpentine Jarrahdale,c.307,,,,,,,,,0895261111,,,creditors@sjshire.wa.gov.au,,,,,,,,,,,0.0,98924720841.0,,,,14.0,2.0
City of Vincent,c.308,engineering@vincent.wa.gov.au,depotadmin@vincent.wa.gov.au,Select 0,,,,,,0892736000,,,depot.administration@vincent.wa.gov.au,cc accounts@vincent.wa.gov.au,,,,,,,,,,0.0,62191132542.0,,,,30.0,2.0
SKG Radiology,c.312,,,,,,,,,,,,,,,,,,,,,,,0.0,32097093448.0,,,,14.0,2.0
Carnarvon Hospital,c.311,,,,,,,,,0899410555,,,Andreja.Mladinov@health.wa.gov.au,,,,,,,,,,,0.0,13993250709.0,,,,14.0,2.0
Austal Ships,c.313,,,,,,,,,(08) 9410 1111,,,accounts@austal.com,,,,,,,,,,,0.0,,,,,30.0,2.0
WA Country Health Service,c.314,PMB 12,,,,,,,,08 9174 1482,,,cleo.mkosi-ndovu@health.wa.gov.au,,,,,,,,,,,0.0,,,,,30.0,2.0
BGC Transport,c.316,,,,,,,,,0894422333,,,pwm@bgc.com.au,,,,,,,,,,,0.0,,,,,30.0,2.0
I-Med Radiology Network,c.317,,,,,,,,,,,,AP@i-med.com.au,,,,,,,,,,,0.0,31169109291.0,,,,14.0,2.0
The X-Ray Group Pty Ltd,c.318,201 Borella Road,,,,ALBURY,NSW,2640,,,,,,,,,,,,,,,,0.0,,,,,14.0,2.0
BHP Petroleum Pty Ltd,c.330,was c.315,,,,,,,,,,,,,,,,,,,,,,0.0,,,,,30.0,2.0
Keperra Diagnostic Imaging,c.320,,,,,,,,,0733510108,,,kaite@toowoombadi.com.au,,,,,,,,,,,0.0,,,,,14.0,2.0
Alpenglow Australia Pty Ltd,c.319,,,,,,,,,,,,,,,,,,,,,,,0.0,,,,,30.0,2.0
Micheal Rynbout,,26 Sappleton Retreat,,,,Merriwa,WA,6030,,0448 551 373,,,michealrynbout1981@outlook.com,,,,,,,,,,,0.0,,,,,14.0,2.0
Metalcorp Ltd,c.321,,,,,,,,,0892081000,,,peter.webster2@orrcon.com.au,,,,,,,,,,,0.0,88096380068.0,,,,60.0,2.0
Hyatt Partners,c.325,,,,,,,,,0894743477,,,,,,,,,,,,,,0.0,61948859468.0,,,,14.0,2.0
FCT Surface Cleaning,c.326,,,,,,,,,0892043333,,,admin@fctcleaning.com,,,,,,,,,,,0.0,75120459225.0,,,,14.0,2.0
PaveWA,c.329,401 Scarborough Beach Road,,,,,,,,0894488183,,,admin@pavewa.com.au,michaelw@pavewa.com.au,,,,,,,,,,0.0,,,,,14.0,2.0
City of Kalamunda,c.327,,,,,,,,,0892579856,,,Accounts@kalamunda.wa.gov.au,,,,,,,,,,,0.0,,,,,30.0,2.0
WA Country Health Service Goldfields,c.328,WACHS.AccountsPayable@health.wa.gov.au,,,,,,,,,,,Andrew.Smith2@health.wa.gov.au,,,,,,,,,,,0.0,,,,,30.0,2.0
Perron Institute for Neurological and Translationa,c.331,,,,,,,,,,,,accounts@perron.uwa.edu.au,,,,,,,,,,,0.0,,,,,30.0,2.0
Ross's Discount Home Centre,c.332,liam@alpinekb.com.au,Liam -,,,,,,,93782233,,,simon@discount.com.au,,,,,,,,,,,0.0,65874186779.0,,,,14.0,2.0
Department of Communities - Talia Van Battenburg,,,,,,,,,,,,,brydee.north@communities.wa.gov.au,,,,,,,,,,,0.0,,,,,14.0,2.0
Aeris Resources,c.333,,,,,,,,,0890804292,,,jaguarinvoices@aerisresources.com.au,,,,,,,,,,,0.0,,,,,45.0,4.0
Delta Safety Group,c.334,+61 (0)400 302 145 (Mike),,,,,,,,,,,mike@deltasafetygroup.com.au,,,,,,,,,,,0.0,,,,,14.0,2.0
Red 5 Limited,c.336,,,,,,,,,,,,accountspayable@red5ltd.com,,,,,,,,,,,0.0,73068647610.0,,,,30.0,4.0
WATER TREATMENT SERVICES (AUST) PTY. LTD.,c.339,,,,,,,,,,,,chloec@watertreat.com.au,,,,,,,,,,,0.0,,,,,30.0,2.0
Cyprium Metals Ltd,c.338,,,,,,,,,63741550,,,,,,,,,,,,,,0.0,,,,,14.0,2.0
Piper Preston Pty Ltd,c.340,,,,,,,,,92209304,,,accounts@so4.com.au,,,,,,,,,,,0.0,,,,,30.0,4.0
PACT Group,c.337,Tonia DePinto,ISO Tank Depot,Pact Group,3 Madrid Place Maddington WA 6109,,,,,1300065167,,,vendor.inquiry@pactgroup.com,,,,,,,,,,,0.0,55145989644.0,,,,30.0,2.0
Capricorn Metals Ltd,c.335,,,,,,,,,92124600,,,accounts@capmet.com.au,,,,,,,,,,,0.0,,,,,14.0,2.0
Gold Coast Radiology,c.342,,,,,,,,,0755142555,,,AlisonK@gcradiology.com.au,,,,,,,,,,,0.0,40139340131.0,,,,14.0,2.0
Fresenius Kidney Care Spearwood,c.341,,,,,,,,,0894945500,,,,,,,,,,,,,,0.0,,,,,14.0,2.0
Radius Imaging,c.343,,,,,,,,,0352243000,,,Bookkeeping@radiusimaging.com.au,,,,,,,,,,,0.0,,,,,14.0,2.0
Thrive Medical,c.344,,,,,,,,,0880879383,,,,,,,,,,,,,,0.0,,,,,14.0,2.0
SETS Enterprise Pty Ltd,c.349,,,,,,,,,,,,,,,,,,,,,,,0.0,,,,,14.0,2.0
Alto Imaging,c.348,,,,,,,,,0249297222,,,accounts@altoimaging,,,,,,,,,,,0.0,80352001549.0,,,,14.0,2.0
Duratec Australia,c.345,"108 Motivation Drive, Wangara, WA 6065",,,,,,,,0862066900,,,Accounts@duratec.com.au,,,,,,,,,,,0.0,94141614075.0,,,,30.0,4.0
Fresenius Kidney Care Stirling,c.346,,,,,,,,,0894406333,,,jane.lush@fmc-asia.com,,,,,,,,,,,0.0,80067557877.0,,,,14.0,2.0
Medic at Work Pty Ltd,,,,,,,,,,0409055436,,,rahul.indurkhya@medicatwork.com.au,,,,,,,,,,,0.0,67619632263.0,,,,14.0,2.0
Superscan Radiology & Nuclear Medicine,c.353,,,,,,,,,0296095115,,,superscan@gmail.com,,,,,,,,,,,0.0,65129213234.0,,,,14.0,2.0
PSM Upstream,c.352,,,,,,,,,0434902008,,,accounts@psmsubsea.com.au,,,,,,,,,,,0.0,47610535478.0,,,,14.0,2.0
DJ Lawrence Electrical Contractors,c.354,,,,,,,,,0401282326,,,admin@djlelect.com.au,,,,,,,,,,,0.0,29009449361.0,,,,14.0,2.0
Helping Solutions,,c.351,,,,,,,,0861185900 - PRESS 3,,,jamie@xanadugroup.com.au;nicholas@xanadugroup.com.au,,,,,,,,,,,0.0,,,,,14.0,2.0
My Place WA Limited,c.355,,,,,,,,,63802927,,,,,,,,,,,,,,0.0,,,,,14.0,2.0
West Coast Endoscopy Centre,c.356,,,,,,,,,93014437,,,doctorsunilk89@gmail.com,,,,,,,,,,,0.0,,,,,14.0,2.0
Northern Neurological & Neurodiagnostic Centre,c.357,,,,,,,,,0864042977,,,joondalup@panegyres.com.au,,,,,,,,,,,0.0,30085019941.0,,,,14.0,2.0
Carco,c.358,mhoney@midlandmitsubishi.com.au,,,,,,,,0401134256,,,Michael.Honey@midlandmitsubishi.com.au,,,,,,,,,,,0.0,,,,,7.0,2.0
Materials Technology Centre,c.359,,,,,,,,,92411600,,,ap@mtcentre.com.au,,,,,,,,,,,0.0,62005736005.0,,,4-1101,30.0,2.0
Eamon Guilfoile,,,,,,,,,,,,,eamonleader@gmail.com,,,,,,,,,,,0.0,,,,4-1100,14.0,2.0
Muntulgura Guruma Pty Ltd,c.364,,,,,,,,,08 9322 6683,,,accounts@mgjv.com.au,,,,,,,,,,,0.0,27169850882.0,,,,30.0,2.0
Consolidated Minerals Pty Ltd,c.363,aaron.kelly@consminerals.com.au,leon.he@consminerals.com.au,,,,,,,0894607000,,,accounts@consminerals.com.au,,,,,,,,,,,0.0,85000727926.0,,,,45.0,4.0
AES Group,c.361,,,,,,,,,1300237476,,,accounts.payable@aesgroup.net.au,,,,,,,,,,,0.0,91604225765.0,,,,14.0,2.0
Lochness Landscaping Services,c.362,,,,,,,,,95929993,,,admin@lochness.com.au,,,,,,,,,,,0.0,69516567693.0,,,,30.0,2.0
Australian Garnet,c.360,Andrea in accounts.,accounts@australiangarnet.com.au,,,,,,,0894429700,9443 2928,,Sheridan.Carr@australiangarnet.com.au,,,,,,,,,,,0.0,22646741157.0,,,,30.0,2.0
WACHS - Kununoppin,,WACHS.AccountsPayable@health.wa.gov.au,,,,,,,,,,,Nerida.woodfield@health.wa.gov.au,,,,,,,,,,,0.0,,,,,14.0,2.0
Dr Mark Lee Plastic Surgeon,c.365,Suites 21 & 22 3 Wexford Street,,,,,,,,0893823340,,,reception@mark-lee.com.au,,,,,,,,,,,0.0,40119115618.0,,,,14.0,2.0
WACHS - Narembeen,,WACHS.AccountsPayable@health.wa.gov.au,,,,,,,,,,,Elaine.Mitchell@health.wa.gov.au,,,,,,,,,,,0.0,,,,,28.0,2.0
Environmental Industries,c.366,,,,,,,,,92566500,,,accounts@eiwa.com.au,,,,,,,,,,,0.0,,,,,30.0,4.0
Construction Training Fund,c.368,,,,,,,,,0892440100,,,,,,,,,,,,,,0.0,,,,,14.0,2.0
City of Kwinana,c.367,,,,,,,,,94390200,,,payable@kwinana.wa.gov.au,,,,,,,,,,,0.0,13890277321.0,,,,30.0,2.0
WACHS - Quairading Hospital,,Diana.Ellison@health.wa.gov.au,WACHS.AccountsPayable@health.wa.gov.au,,,,,,,08 9645 2222,,,Quairading.healthservice@health.wa.gov.au,,,,,,,,,,,0.0,,,,,14.0,2.0
Epworth Medical Imaging,c.369,,,,,,,,,0392978000,,,accountspayable@emi.net.au,,,,,,,,,,,0.0,,,,,14.0,2.0
ForHealth -Rockingham-Medical Centre,,rockingham@forhealth.com.au,,,,,,,,95571111,,,Themi.Argyrou@forhealth.com.au,,,,,,,,,,,0.0,26855078645.0,,,,14.0,2.0
Helping Solutions - Head Office,c.351,,,,,,,,,0861185900,,,accounts@helpingsolutions.com.au,,,,,,,,,,,0.0,,,,,14.0,2.0
ForHealth - Morley -Medical Centre,,themi.argyrou@forhealth.com.au,,,,,,,,61885555,,,morley@forhealth.com.au,,,,,,,,,,,0.0,,,,,14.0,2.0
NKH Resources,c.370,T/A Knight Group,,,,,,,,0893678133,,,alexis.catelli@knightgroup.com.au,,,,,,,,,,,0.0,,,,,14.0,2.0
Fresh Start Clinic,c.373,,,,,,,,,0993811333,,,susan.vannoort@freshstart.org.au,,,,,,,,,,,0.0,84106876019.0,,,,14.0,2.0
Lancelin Sands,c.371,,,,,,,,,,,,admin@lancelinsands.com,,,,,,,,,,,0.0,71058457417.0,,,,14.0,2.0
Jennifer & Ian Rhind,,,,,,,,,,,,,ilrhind@yahoo.com.hk,,,,,,,,,,,0.0,,,,,14.0,2.0
Flinders Medical Centre,c.372,T/A SA Medical Imaging,Flinders Drive,,,BEDFORD PARK,SA,5042,,0882045511,,,APHealthInvoices@sharedservices.sa.gov.au,,,,,,,,,,,0.0,96269526412.0,,,,14.0,2.0
Dylan Harman,,TrusteesAccountsPayable@australianunity.com.au,,,,,,,,1800636377,0466031808,,pmaj@australianunity.com.au,,,,,,,,,,,0.0,,,,,14.0,2.0
WACHS - Dalwallinu,,,,,,,,,,96610200,,,Jeanette.Syme@health.wa.gov.au,,,,,,,,,,,0.0,,,,,14.0,2.0
City of Joondalup,c.375,Administration Centre PO Box 21 (Boas Avenue),,,,JOONDALUP,WA,6949,,94004030,,,payable@joondalup.wa.gov.au,,,,,,,,,,,0.0,64245472416.0,,,,30.0,2.0
Helping Community Solutions,,hr@xanadugroup.com.au,,,,,,,,6118 5900,0419 826 292 (samuel),,samuel@helpingcommunitysolutions.com.au,,,,,,,,,,,0.0,,,,,14.0,2.0
Sim Con Offices,c.374,,,,,,,,,0893672800,,,june@pcjs.com.au,,,,,,,,,,,0.0,,,,,14.0,2.0
Abra Mining,c.377,,,,,,,,,0861833200,,,invoices@abramining.com.au,,,,,,,,,,,0.0,,,,,30.0,4.0
Bella Build and Design,c.376,,,,,,,,,9277 4109,,,accountsbbdwa@bbd.com.au,,,,,,,,,,,0.0,20648169626.0,,,,14.0,2.0
JD Accounting,c.378,,,,,,,,,0892465230,,,,,,,,,,,,,,0.0,68660791677.0,,,,14.0,2.0
Lime Radiology,c.380,,,,,,,,,0732839200,,,payroll@xrayimaging.com.au,,,,,,,,,,,0.0,,,,,14.0,2.0
Queensland X-Ray Pty Ltd,c.379,,,,,,,,,1300781926,,,accounts.payable@qldxray.com.au,,,,,,,,,,,0.0,,,,,14.0,2.0
Economic Regulation Authority,c.381,,,,,,,,,65577900,,,,,,,,,,,,,,0.0,,,,,14.0,2.0
Department of Training & Workforce Development,c.232,,,,,,,,,0865515000,,,,,,,,,,,,,,0.0,,,,,14.0,2.0
Lorrex Contracting Pty Ltd,c.382,,,,,,,,,0862783391,,,accounts@lorrexcontracting.com.au,,,,,,,,,,,0.0,,,,,30.0,2.0
City Of Cockburn,c.383,,,,,,,,,0894113444,,,supplierinvoice@cockburn.wa.gov.au,,,,,,,,,,,0.0,,,,,30.0,2.0
I-MED NEW SOUTH WALES PTY LIMITED,c.386,I-Med Radiology,,,,,,,,0284403000,,,,,,,,,,,,,,0.0,,,,,14.0,2.0
AsthmaWA,c.384,angelica.sanchez@asthmawa.org.au,Ofiice manager,,,,,,,92893600,,,sarah.mckenna@asthmawa.org.au,,,,,,,,,,,0.0,,,,,14.0,2.0
Hollywood Specialist Centre,c.385,,,,,,,,,1300887997,,,suite31.hollywood@bigpond.com.au,,,,,,,,,,,0.0,,,,,14.0,2.0
Claremont Pain Clinic,c.388,,,,,,,,,0893851323,,,bianca@claremontpainclinic.com.au,,,,,,,,,,,0.0,,,,,14.0,2.0
Pilgangoora Operations Pty Ltd,c.390,,,,,,,,,0862666266,,,plsaccounts@pilbaraminerals.com.au,,,,,,,,,,,0.0,,,,,30.0,4.0
The Perth Mint,c.387,,,,,,,,,0894217222,,,accountspayable@perthmint.com,,,,,,,,,,,0.0,98838298431.0,,,,14.0,2.0
Subi Derm,c.391,,,,,,,,,0865001565,,,reception@subiderm.com.au,,,,,,,,,,,0.0,94412078464.0,,,,14.0,2.0
Busy at Work,c.389,,,,,,,,,,,,,,,,,,,,,,,0.0,,,,,14.0,2.0
The Prostate Clinic,c.392,,,,,,,,,0893897696,,,secretary@theprostateclinic.com.au,,,,,,,,,,,0.0,,,,,14.0,2.0
Tattarang,,,,,,,,,,0499436742,,,rkuipers@tattarang.com,,,,,,,,,,,0.0,,,,,14.0,2.0
First Quantum Minerals (Aust) PTY LTD,c.394,amy.smith@fqml.com,,,,,,,,93460100,,,rav.ap@fqml.com,,,,,,,,,,,0.0,,,,,30.0,2.0
Trinity MSAS,c.393,Indu - in accounts,,,,,,,,0893442767,,,accounts@trinitymsas.com.au,,,,,,,,,,,0.0,,,,,30.0,2.0
Specialist Clinic Subiaco,c.397,maita.andal@southbankdaysurgery.com.au,,,,,,,,93824455,,,marisa@idrs.com.au,,,,,,,,,,,0.0,,,,,14.0,2.0
Parkwood Medical Centre,c.396,,,,,,,,,0894574895,,,pmanager@parkwoodmc.com.au,,,,,,,,,,,0.0,,,,,14.0,2.0
Qscan Radiology Clinics South Australia,c.395,,,,,,,,,0881645600,,,invoices.qser@qscan.com.au,,,,,,,,,,,0.0,,,,,14.0,2.0
Benjamin Keely,,,,,,,,,,0452 500 250,,,s.keely@bigpond.com,,,,,,,,,,,0.0,,,,,14.0,2.0
State Library of WA,c.398,,,,,,,,,94273111,,,SLWAHR@slwa.wa.gov.au,,,,,,,,,,,0.0,,,,,30.0,2.0
Onslow Iron Pty Ltd,c.400,,,,,,,,,,,,,,,,,,,,,,,0.0,24649012395.0,,,,30.0,4.0
Forum Medical Group,c.399,,,,,,,,,0892779299,,,accounts@forummedicalgroup.com,,,,,,,,,,,0.0,13573911754.0,,,,14.0,2.0
Perth Men's Health,c.402,admin@perthmenshealth.com.au,,,,,,,,0893891400,,,nurse@perthmenshealth.com.au,,,,,,,,,,,0.0,13632695786.0,,,,14.0,2.0
Mends Street Family Practice,,,,,,,,,,0413 437 985,,,manager@msfp.com.au,,,,,,,,,,,0.0,59056049465.0,,,,14.0,2.0
Diagnostic Imaging for Women,c.404,,,,,,,,,0738398666,,,,,,,,,,,,,,0.0,50080746087.0,,,,14.0,2.0
WACHS - Carnarvon,,,,,,,,,,,,,Carnarvon.Accounts@health.wa.gov.au,,,,,,,,,,,0.0,,,,,14.0,2.0
Public Sector Commission,c.405,,,,,,,,,0865528500,,,,,,,,,,,,,,0.0,,,,,14.0,2.0
Murfett Legal,c.76,,,,,,,,,93883100,,,,,,,,,,,,,,0.0,74120362825.0,,,,14.0,2.0
CGU Insurance Australia Limited,,PO Box 77,,,,Welshpool DC,WA,6896,,,,,,,,,,,,,,,,0.0,11000016722.0,,,,14.0,2.0
City of South Perth,c.407,,,,,,,,,94740777,,,invoices@southperth.wa.gov.au,,,,,,,,,,,0.0,,,,,30.0,2.0
Unity Cardiology,c.410,"Suite 6, Level 1 Grace House, 109 Grand Boulevard",,,,Joondalup,WA,,Australia,08 6365 2862,,,dr.razak@unitycardiology.com.au,,,,,,,,,,,0.0,15626526323.0,,,,14.0,2.0
WA Country Health Service - Wheatbelt (Northam Hos,c.409,,,,,,,,,0896901300,,,NORH.NorthamHospital@health.wa.gov.au,,,,,,,,,,,0.0,28680145816.0,,,,14.0,2.0
Nexus Neurology,c.412,,,,,,,,,93322861,,,tiffany@nexusneurology.com.au,,,,,,,,,,,0.0,,,,,14.0,2.0
Murdoch Endocrinology & Diabetes Centre,c.408,,,,,,,,,0894676361,,,admin@drkulkarni.com.au,,,,,,,,,,,0.0,,,,,14.0,2.0
BAE Systems,c.413,42 Quill Way,denise.ryde@baesystems.au,,,HENDERSON,WA,6166,Australia,63993000,,,amelia.yardley@baesystems.au,,,,,,,,,,,0.0,29008423005.0,,,,14.0,2.0
Shire of Bruce Rock,c.411,54 Johnson Street,,,,BRUCE ROCK,WA,6418,,099011377,90611377,,creditors@brucerock.wa.gov.au,,cinil.thomas@br,,,,,,,,,0.0,22148096754.0,,,,30.0,2.0
Matthew Lawson Smith,c.415,100 Murdoch Drive,,,,Murdoch,WA,6150,,63326325,,,admin@drmls.com.au,,,,,,,,,,,0.0,50377139446.0,,,,14.0,2.0
Perth Bowel Surgery,c.414,SJOG Subiaco 301/25 Mc Court Street,,,,Subiaco,WA,6008,,0413795525,,,sysadmin@bowelsurgery.org.au,,,,,,,,,,,0.0,15742357278.0,,,,14.0,2.0
Viscount Plastics (Australia) Pty Ltd,c.416,173-175 Bannister Road,supplier.invoices@viscount.com.au,,,CANNING VALE,WA,6155,,02 9708 7645,,,vendor.inquiry@pactgroup.com,,,,,,,,,,,0.0,76007862393.0,,,,30.0,2.0
Octagon Lifts,c.417,,,,,,,,,63635953,,,,,,,,,,,,,,0.0,,,,,14.0,2.0
AJL Mechanical Contracting,c.418,146 Guernsey Rise,,,,Chittering,WA,6084,,0400416212,,,aydon@ajlmechanicalcontracting.com,,,,,,,,,,,0.0,17669767480.0,,,,14.0,2.0
Wollongong Diagnostic Imaging P/L,c.419,338-340 Crown Street,,,,WOLLONGONG,NSW,2500,,0242261777,,,kim@wdimaginggroup.com.au,,,,,,,,,,,0.0,,,,,14.0,2.0
Marlu Group,c.420,2/78 Catalano Cct,,,,CANNING VALE,WA,6155,,0421802221- Lee,,,accounts@marlugroupwa.com.au,,,,,,,,,,,0.0,,,,,14.0,2.0
GI Health,c.421,"SJOG Hospital Suite H202, 12 Salvado Road",,,,SUBIACO,WA,6008,,1300427876,,,accounts@gihealth.net.au,,,,,,,,,,,0.0,78143307805.0,,,,14.0,2.0
Western Health Medical Imaging,c.422,,,,,,,,,0383456234,,,,,,,,,,,,,,0.0,,,,,14.0,2.0
SRG Global Integrated Services Pty Ltd,c.423,Level 2 500 Hay St,,,,SUBIACO,WA,6008,,0892675400,,,ap.integrated@srgglobal.com.au,,,,,,,,,,,0.0,86604010639.0,,,,30.0,2.0
Nicholson Road Medical Group,,3/11 Vostan Road,,,,CANNING VALE,WA,6155,,94561900,,,jphyo@nicholsonmedical.com.au,,,,,,,,,,,0.0,,,,,14.0,2.0
New Directions Psychology,c.424,Suite 4B/800 Beaufort St,,,,MOUNT LAWLEY,WA,6050,,0892487852,,,management@ndpsych.com.au,,,,,,,,,,,0.0,,,,,14.0,2.0
Global Coating System,c.427,5 Whittle Road,,,,ROKINGHAM,WA,6168,,,0419501041 Amber,,accounts@global-cs.com.au,,,,,,,,,,,0.0,24655060601.0,,,,30.0,2.0
WACHS - Onslow,,,,,,,,,,91447655,,,WACHSPB_NursingSupport@health.wa.gov.au;Kari.McGrath@health.wa.gov.au,,,,,,,,,,,0.0,,,,,14.0,2.0
Centra Medical Imaging,c.428,alex.lee@centramedical.com,,,,,,,,0298041388,,,eax2013@outlook.com,,,,,,,,,,,0.0,,,,,14.0,2.0
"Department of Planning, Lands & Heritage",c.430,,,,,,,,,0865524888,,,,,,,,,,,,,,0.0,,,,,14.0,2.0
Keystone Radiology Pty Ltd,c.431,,,,,,,,,0343330333,,,accounts@keystoneradiology.com.au,,,,,,,,,,,0.0,,,,,14.0,2.0
Peacefield Holdings Pty Ltd,c.432,10 Hepworth Road,,,,Trigg,WA,6009,Australia,0430239450,,,leona@vdmconsulting.com.au,,,,,,,,,,,0.0,,,,,30.0,2.0
Kohl Australia Pty Ltd,c.433,40 Guthrie Street,,,,Osborne Park/ Perth,WA,6017,Australia,0892481461,,,accounts@kohl.com.au,,,,,,,,,,,0.0,,,,,14.0,2.0
Perth Hip and Knee Clinic,c.434,1/1 Wexford Street,,,,Subiaco,WA,6008,Australia,64891700,0864891710,,pm@hipnknee.com.au,,,,,,,,,,,0.0,,,,,14.0,2.0
Faceworx,c.436,206 Hampden Rd,,,,Nedlands,WA,6009,Australia,93443907,,,meg@henze.com.au,,,,,,,,,,,0.0,84595909880.0,,,,14.0,2.0
atWork Australia - Victoria Park,c.437,,,,,,,,,0863556900,,,,,,,,,,,,,,0.0,,,,,14.0,2.0
Koala Self Storage,c.435,,,,,,,,,,,,north@koalastorage.com.au,,,,,,,,,,,0.0,17009249610.0,,,,14.0,2.0
Lake Imaging,c.438,,,,,,,,,0393214900,,,ap.lake@idxgroup.com.au,,,,,,,,,,,0.0,51250380018.0,,,,14.0,2.0
WACHS - Eneabba,,,,,,,,,,,,,Debra.Mills@health.wa.gov.au;WACHS-MidwestDongaraAdministration@health.wa.gov.au,,,,,,,,,,,0.0,,,,,28.0,2.0
WISE Employment,c.439,,,,,,,,,,,,,,,,,,,,,,,0.0,90672196128.0,,,,14.0,2.0
Shire of Dardanup,c.440,1 Council Drive,,,,Eaton,WA,6232,Australia,0897240000,,,accounts.payable@dardanup.wa.gov.au,,,,,,,,,,,0.0,,,,,14.0,2.0
Perth ENT Centre,c.442,,,,,,,,,0893280580,,,accounts@perthentcentre.com.au,,,,,,,,,,,0.0,,,,,14.0,2.0
Benson Radiology,c.443,,,,,,,,,0883944900,,,ap@bensonradiology.com.au,,,,,,,,,,,0.0,,,,,14.0,2.0
WACHS - Northampton,,,,,,,,,,,,,Hayley.Baikie@health.wa.gov.au;Karen.Stone2@health.wa.gov.au,,,,,,,,,,,0.0,,,,4-1100,14.0,2.0
Spiecapag Australia Pty Ltd,c.445,"Level 6, 5 Mill Street",,,,Perth,WA,6000,Australia,,,,sca.accounts@spiecapag.com,,,,,,,,,,,0.0,,,,,30.0,2.0
West Coast Poly Pty Ltd,c.446,"2 Uppsala Place, Canning Vale",,,,Perth,WA,6155,Australia,94565888,,,payables@westcoastpoly.com.au,https://westcoastpoly.com.au/,,,,,,,,,,0.0,33087707551.0,,,,14.0,2.0
WACHS - Dongara,,48 Blenheim Road,,,,,,,,,,,WACHS-MidwestDongaraAdministration@health.wa.gov.au,,,,,,,,,,,0.0,,,,,14.0,2.0
Deep Green,c.449,23 Colray Ave,,,,Osborne Park,WA,6017,Australia,0892422299,,,admin@deepgreen.au,,,,,,,,,,,0.0,44151608089.0,,,,30.0,2.0
Grafton Base Hospital,c.448,Arthur Street,Simon.Fenn@health.nsw.gov.au,,,GRAFTON,NSW,2460,Australia,0266418940,,,NNSWLHD-GBHFINANCE@health.nsw.gov.au,,,,,,,,,,,0.0,67284856520.0,,,,14.0,2.0
Brightwater Piara Waters,,Accounts.Payable@brightwatergroup.com,,,,,,,,93629200,,,bwinvoice@brightwatergroup.com,,,,,,,,,,,0.0,,,,,14.0,2.0
Mineral Resources Transport - Weipa,c.450,,,,,,,,,,,,,,,,,,,,,,,0.0,33118549910.0,,,,45.0,4.0
LD Total (Janpoint Pty Ltd),c.452,172 Burswood Road,,,,Bursewood,WA,6100,Australia,0864361111,,,accounts@ldtotal.com.au,,,,,,,,,,,0.0,,,,,14.0,2.0
Midland Medical Specialists,c.451,Suite 6. Level 1/81 Yelverton Dr,,,,Midland,WA,6056,Australia,0416053054,,,manager@midlandms.com.au,,,,,,,,,,,0.0,,,,,14.0,2.0
X-Ray & Imaging,c.67,,,,,,,,,,,,accounts@xrayimaging.com.au,,,,,,,,,,,0.0,,,,,14.0,2.0
Department of Finance,c.453,,,,,,,,,,,,,,,,,,,,,,,0.0,,,,,14.0,2.0
