*ContactName,*InvoiceNumber,*InvoiceDate,*DueDate,InventoryItemCode,*Quantity,*Description,*UnitAmount,Discount,TrackingName1,TrackingOption1,*TaxType,Tax Amount,Currency,Exchange Rate
 Office Works,2258.0,01/07/2021,01/07/2021,ZZZ344,5.0,Stainless Steel Ruler 15cm,3.636,0%,,,BAS Excluded,1.82,,
 Office Works,2258.0,01/07/2021,01/07/2021,ZZZ302,1.0,Clipboard A4 (Wet),4.09,0%,,,BAS Excluded,.41,,
 Office Works,2289.0,16/07/2021,16/07/2021,ZZZ344,5.0,Stainless Steel Ruler 15cm,3.964,0%,,,BAS Excluded,1.98,,
 Office Works,2289.0,16/07/2021,16/07/2021,ZZZ302,1.0,Clipboard A4 (Wet),4.09,0%,,,BAS Excluded,.41,,
 Australia Post,2292.0,20/07/2021,20/07/2021,ZZZ415,10.0,Packaging - Large Padded Satch,1.818,0%,,,BAS Excluded,1.82,,
 Bunnings Warehouse,2293.0,20/07/2021,20/07/2021,ZZZ409,1.0,Spray Glue,20.26,0%,,,BAS Excluded,2.03,,
 Bunnings Warehouse,2293.0,20/07/2021,20/07/2021,ZZZ408,1.0,Lock-Tite,13.62,0%,,,BAS Excluded,1.36,,
 Bunnings Warehouse,2293.0,20/07/2021,20/07/2021,ZZZ303,6.0,Microfibre Dry Testing Cloth,2.725,0%,,,BAS Excluded,1.63,,
 Wynnum Bearings and Bolts,2294.0,20/07/2021,20/07/2021,ZZZ103,100.0,Wessex Slider Washer,0.0897,0%,,,BAS Excluded,.9,,
 Smithers MSE Limited,2304.0,30/07/2021,30/07/2021,ZZZ2001,30.0,4S (96) Rubber Slider,65.08,0%,,,BAS Excluded,0.00,,
 Smithers MSE Limited,2304.0,30/07/2021,30/07/2021,ZZZ2002,15.0,TRL (55) Rubber Slider,65.08,0%,,,BAS Excluded,0.00,,
 Bunnings Warehouse,2322.0,05/08/2021,05/08/2021,ZZZ417,20.0,Microfibre Cleaning Cloths,0.432,0%,,,BAS Excluded,.86,,
 Bunnings Warehouse,2322.0,05/08/2021,05/08/2021,ZZZ417,20.0,Microfibre Cleaning Cloths,0.4315,0%,,,BAS Excluded,.87,,
 AutoMegaStore,2323.0,06/08/2021,06/08/2021,ZZZ405,1.0,Brass Polish,29.04,0%,,,BAS Excluded,2.9,,
 Tork Signs,2326.0,09/08/2021,09/08/2021,ZZZ506,10.0,Sticker - Trolley Box,20.84,0%,,,BAS Excluded,20.84,,
 Wynnum Bearings and Bolts,2330.0,12/08/2021,12/08/2021,ZZZ1118,10.0,Munro Pendulum Bearing,16.182,0%,,,BAS Excluded,16.18,,
 Wynnum Bearings and Bolts,2330.0,12/08/2021,12/08/2021,ZZZ146,10.0,Pendulum Foot Bearing,7.118,0%,,,BAS Excluded,7.12,,
 Northside Cleaning and Packaging Supplies,2337.0,17/08/2021,17/08/2021,ZZZ312,2.0,Telescopic Mop Handle,8.9,0%,,,BAS Excluded,1.78,,
 RS Components Pty Ltd,2338.0,17/08/2021,17/08/2021,ZZZ135,20.0,Levelling Feet Screw Knob,7.814,0%,,,BAS Excluded,15.63,,
 RS Components Pty Ltd,2338.0,17/08/2021,17/08/2021,ZZZ135,0.0,Levelling Feet Screw Knob,0.0,0%,,,BAS Excluded,0.00,,
 Munro Instruments Limited,2374.0,03/09/2021,03/09/2021,ZZZ1122,6.0,Munro Handle SA,84.04,0%,,,BAS Excluded,0.00,,
 Munro Instruments Limited,2374.0,03/09/2021,03/09/2021,ZZZ1135,9.0,Munro Pendulum Levelling Screw,110.5,0%,,,BAS Excluded,0.00,,
 Munro Instruments Limited,2374.0,03/09/2021,03/09/2021,ZZZ1123,9.0,Munro Levelling Screw,73.67,0%,,,BAS Excluded,0.00,,
 Munro Instruments Limited,2374.0,03/09/2021,03/09/2021,ZZZ1125,1.0,Munro Spring Tension Assembly,117.1,0%,,,BAS Excluded,0.00,,
 Munro Instruments Limited,2374.0,03/09/2021,03/09/2021,ZZZ1109,4.0,Munro Tension Spring Assembly,37.85,0%,,,BAS Excluded,0.00,,
 Munro Instruments Limited,2374.0,03/09/2021,03/09/2021,ZZZ1136,6.0,Munro Rack,110.04,0%,,,BAS Excluded,0.00,,
 Laboratorio de Resbaladicidad SL,2355.0,06/09/2021,06/09/2021,ZZZ0005,1.0,WessexPendulum Calibration Rig,,0%,,,BAS Excluded,184.91,,
 Laboratorio de Resbaladicidad SL,2356.0,06/09/2021,06/09/2021,ZZZ0001,1.0,WanmaLab Pendulum,,0%,,,BAS Excluded,0.00,,
 Laboratorio de Resbaladicidad SL,2378.0,22/09/2021,22/09/2021,ZZZ0001,1.0,WanmaLab Pendulum,,0%,,,BAS Excluded,0.00,,
 Laboratorio de Resbaladicidad SL,2378.0,22/09/2021,22/09/2021,ZZZ100,2.0,Wessex Verification Tile Jig,586.552941,15%,,,BAS Excluded,0.00,,
 Bunnings Warehouse,2398.0,27/09/2021,27/09/2021,ZZZ317,15.0,Calibration Microfibre Cloth,0.454667,0%,,,BAS Excluded,.68,,
 Bunnings Warehouse,2398.0,27/09/2021,27/09/2021,ZZZ417,45.0,Microfibre Cleaning Cloths,0.454444,0%,,,BAS Excluded,2.05,,
 Bunnings Warehouse,2393.0,28/09/2021,28/09/2021,ZZZ311,4.0,Blue Mop Head,14.21,0%,,,BAS Excluded,5.68,,
 Bunnings Warehouse,2393.0,28/09/2021,28/09/2021,ZZZ322,25.0,Trolley Cup Bolt M8x40mm,0.5124,0%,,,BAS Excluded,1.29,,
 Bunnings Warehouse,2393.0,28/09/2021,28/09/2021,ZZZ313,5.0,Wet Floor Sign,11.364,0%,,,BAS Excluded,5.68,,
 Bunnings Warehouse,2393.0,28/09/2021,28/09/2021,ZZZ402,1.0,Mentholated Spirits (1 Liter),3.93,0%,,,BAS Excluded,.39,,
 Bunnings Warehouse,2393.0,28/09/2021,28/09/2021,ZZZ306,10.0,Spray Bottle,3.191,0%,,,BAS Excluded,3.19,,
 Bunnings Warehouse,2393.0,28/09/2021,28/09/2021,ZZZ321,21.0,Trolley Base Cups (Large),2.454286,0%,,,BAS Excluded,5.16,,
 Bunnings Warehouse,2393.0,28/09/2021,28/09/2021,ZZZ320,21.0,Trolley Base Cups (Small),1.818571,0%,,,BAS Excluded,3.81,,
 Total Tools,2394.0,29/09/2021,29/09/2021,ZZZ307,2.0,Digital Site Level,162.725,0%,,,BAS Excluded,32.55,,
 Laboratorio de Resbaladicidad SL,2410.0,06/10/2021,06/10/2021,ZZZ134,6.0,Pendulum Levelling Feet,32.990196,15%,,,BAS Excluded,0.00,,
 Laboratorio de Resbaladicidad SL,2410.0,06/10/2021,06/10/2021,ZZZ135,6.0,Levelling Feet Screw Knob,5.280392,15%,,,BAS Excluded,0.00,,
 Laboratorio de Resbaladicidad SL,2410.0,06/10/2021,06/10/2021,ZZZ188,3.0,Wessex Pendulum Pointer (ES),105.058824,15%,,,BAS Excluded,0.00,,
 Laboratorio de Resbaladicidad SL,2410.0,06/10/2021,06/10/2021,ZZZ189,2.0,Wessex Pendulum Point Ring (ES,113.152941,15%,,,BAS Excluded,0.00,,
 Laboratorio de Resbaladicidad SL,2410.0,06/10/2021,06/10/2021,ZZZ114,4.0,Pendulum Release Catch,65.970588,15%,,,BAS Excluded,0.00,,
 Laboratorio de Resbaladicidad SL,2410.0,06/10/2021,06/10/2021,ZZZ150,6.0,Pendulum Arm Attachment Clamp,39.580392,15%,,,BAS Excluded,0.00,,
 Laboratorio de Resbaladicidad SL,2410.0,06/10/2021,06/10/2021,ZZZ2005,2.0,Pavigres Tile,164.929412,15%,,,BAS Excluded,0.00,,
 Laboratorio de Resbaladicidad SL,2410.0,06/10/2021,06/10/2021,ZZZ2004,2.0,TRS Float Glass,41.229412,15%,,,BAS Excluded,0.00,,
 Laboratorio de Resbaladicidad SL,2411.0,07/10/2021,07/10/2021,ZZZ0001,1.0,WanmaLab Pendulum,,0%,,,BAS Excluded,0.00,,
 Smithers MSE Limited,2415.0,15/10/2021,15/10/2021,ZZZ2001,35.0,4S (96) Rubber Slider,66.09,0%,,,BAS Excluded,0.00,,
 Smithers MSE Limited,2415.0,15/10/2021,15/10/2021,ZZZ2002,5.0,TRL (55) Rubber Slider,66.09,0%,,,BAS Excluded,0.00,,
 ebay,2419.0,21/10/2021,21/10/2021,ZZZ304,5.0,Digital Site Thermometer,9.818,0%,,,BAS Excluded,4.91,,
 Smithers MSE Limited,2421.0,26/10/2021,26/10/2021,ZZZ2001,20.0,4S (96) Rubber Slider,65.84,0%,,,BAS Excluded,0.00,,
 Office Works,2433.0,01/11/2021,01/11/2021,ZZZ302,2.0,Clipboard A4 (Wet),4.09,0%,,,BAS Excluded,.82,,
 Laboratorio de Resbaladicidad SL,2435.0,01/11/2021,01/11/2021,ZZZ0001,1.0,WanmaLab Pendulum,,0%,,,BAS Excluded,0.00,,
 QM Systems Ltd,2521.0,17/11/2021,17/11/2021,ZZZ0003,1.0,Wessex Tortus 3,,15%,,,BAS Excluded,0.00,,
 Bunnings Warehouse,2459.0,22/11/2021,22/11/2021,ZZZ419,1.0,Packaging - Bubble Wrap,19.55,0%,,,BAS Excluded,1.95,,
 Munro Instruments Limited,2485.0,22/11/2021,22/11/2021,ZZZ00001,1.0,Munro Pendulum (Analogue),,0%,,,BAS Excluded,0.00,,
 QM Systems Ltd,2523.0,23/11/2021,23/11/2021,ZZZ208,4.0,Tortus Foot M4 Ballspring Plun,76.041176,15%,,,BAS Excluded,0.00,,
 QM Systems Ltd,2523.0,23/11/2021,23/11/2021,ZZZ234,1.0,Tortus 2 Case Fasteners,38.023529,15%,,,BAS Excluded,0.00,,
 Bunnings Warehouse,2465.0,24/11/2021,24/11/2021,ZZZ306,6.0,Spray Bottle,3.191667,0%,,,BAS Excluded,1.91,,
 Bunnings Warehouse,2465.0,24/11/2021,24/11/2021,ZZZ308,2.0,Doorstop,1.505,0%,,,BAS Excluded,.31,,
 Bunnings Warehouse,2465.0,24/11/2021,24/11/2021,ZZZ317,30.0,Calibration Microfibre Cloth,0.454667,0%,,,BAS Excluded,1.36,,
 Bunnings Warehouse,2465.0,24/11/2021,24/11/2021,ZZZ417,90.0,Microfibre Cleaning Cloths,0.454556,0%,,,BAS Excluded,4.09,,
 Office Works,2471.0,25/11/2021,25/11/2021,ZZZ419,3.0,Packaging - Bubble Wrap,23.636667,0%,,,BAS Excluded,7.09,,
 Bunnings Warehouse,2477.0,25/11/2021,25/11/2021,ZZZ317,10.0,Calibration Microfibre Cloth,0.455,0%,,,BAS Excluded,.45,,
 Bunnings Warehouse,2477.0,25/11/2021,25/11/2021,ZZZ417,30.0,Microfibre Cleaning Cloths,0.454333,0%,,,BAS Excluded,1.37,,
 Laboratorio de Resbaladicidad SL,2470.0,29/11/2021,29/11/2021,ZZZ0001,2.0,WanmaLab Pendulum,,0%,,,BAS Excluded,0.00,,
 Office Works,2483.0,01/12/2021,01/12/2021,ZZZ344,2.0,Stainless Steel Ruler 15cm,2.71,0%,,,BAS Excluded,.54,,
 Office Works,2483.0,01/12/2021,01/12/2021,ZZZ302,3.0,Clipboard A4 (Wet),4.09,0%,,,BAS Excluded,1.23,,
 Tork Signs,2506.0,13/12/2021,13/12/2021,ZZZ505,20.0,Sticker - Wet Floor Sign,12.31,0%,,,BAS Excluded,24.62,,
 Tork Signs,2506.0,13/12/2021,13/12/2021,ZZZ506,20.0,Sticker - Trolley Box,20.84,0%,,,BAS Excluded,41.68,,
 Laboratorio de Resbaladicidad SL,2539.0,24/12/2021,24/12/2021,ZZZ0001,1.0,WanmaLab Pendulum,,0%,,,BAS Excluded,0.00,,
 Bunnings Warehouse,2540.0,26/12/2021,26/12/2021,ZZZ319,1.0,Flat Bed Trolley,42.32,0%,,,BAS Excluded,4.23,,
 Bunnings Warehouse,2540.0,26/12/2021,26/12/2021,ZZZ319,1.0,Flat Bed Trolley,42.32,0%,,,BAS Excluded,4.23,,
 Bunnings Warehouse,2540.0,26/12/2021,26/12/2021,ZZZ315,3.0,Traffic Cone,11.663333,0%,,,BAS Excluded,3.5,,
 Bunnings Warehouse,2540.0,26/12/2021,26/12/2021,ZZZ313,4.0,Wet Floor Sign,10.8,0%,,,BAS Excluded,4.32,,
 Smithers MSE Limited,2562.0,17/01/2022,17/01/2022,ZZZ2001,30.0,4S (96) Rubber Slider,66.26,0%,,,BAS Excluded,0.00,,
 Smithers MSE Limited,2562.0,17/01/2022,17/01/2022,ZZZ2002,15.0,TRL (55) Rubber Slider,66.26,0%,,,BAS Excluded,0.00,,
 Laboratorio de Resbaladicidad SL,2566.0,18/01/2022,18/01/2022,ZZZ0001,1.0,WanmaLab Pendulum,,0%,,,BAS Excluded,0.00,,
 Laboratorio de Resbaladicidad SL,2566.0,18/01/2022,18/01/2022,ZZZ2004,4.0,TRS Float Glass,26.929412,15%,,,BAS Excluded,0.00,,
 Laboratorio de Resbaladicidad SL,2566.0,18/01/2022,18/01/2022,ZZZ2005,2.0,Pavigres Tile,163.329412,15%,,,BAS Excluded,0.00,,
 Laboratorio de Resbaladicidad SL,2566.0,18/01/2022,18/01/2022,ZZZ191,2.0,Sample Holder in Aluminium,571.341176,15%,,,BAS Excluded,0.00,,
 Office Works,2588.0,31/01/2022,31/01/2022,ZZZ302,2.0,Clipboard A4 (Wet),4.09,0%,,,BAS Excluded,.82,,
 Anaconda Group Pty Ltd,2606.0,07/02/2022,07/02/2022,ZZZ305,6.0,Testing Stool,10.9,0%,,,BAS Excluded,6.54,,
 Bunnings Warehouse,2616.0,09/02/2022,09/02/2022,ZZZ319,2.0,Flat Bed Trolley,44.545,0%,,,BAS Excluded,8.91,,
 Bunnings Warehouse,2616.0,09/02/2022,09/02/2022,ZZZ407,3.0,Super Glue - Powerflex Gel,3.02,0%,,,BAS Excluded,.91,,
 Bunnings Warehouse,2616.0,09/02/2022,09/02/2022,ZZZ341,1.0,Safety - Hard Hat,9.05,0%,,,BAS Excluded,.9,,
 Bunnings Warehouse,2616.0,09/02/2022,09/02/2022,ZZZ313,2.0,Wet Floor Sign,8.59,0%,,,BAS Excluded,1.72,,
 Bunnings Warehouse,2616.0,09/02/2022,09/02/2022,ZZZ411,4.0,Packaging - Scotch Tape,5.9,0%,,,BAS Excluded,2.36,,
 Bunnings Warehouse,2616.0,09/02/2022,09/02/2022,ZZZ308,3.0,Doorstop,1.05,0%,,,BAS Excluded,.31,,
 Bunnings Warehouse,2616.0,09/02/2022,09/02/2022,ZZZ306,1.0,Spray Bottle,2.96,0%,,,BAS Excluded,.3,,
 RS Components Pty Ltd,2619.0,09/02/2022,09/02/2022,ZZZ2006,500.0,3M Lapping Film (pack 10),3.02454,0%,,,BAS Excluded,151.23,,
 Office Works,2623.0,15/02/2022,15/02/2022,ZZZ302,10.0,Clipboard A4 (Wet),4.091,0%,,,BAS Excluded,4.09,,
 ebay,2629.0,16/02/2022,16/02/2022,ZZZ241,5.0,Tortus 3 Charge Unit,149.572,0%,,,BAS Excluded,0.00,,
 Laboratorio de Resbaladicidad SL,2655.0,17/02/2022,17/02/2022,ZZZ0001,1.0,WanmaLab Pendulum,,0%,,,BAS Excluded,0.00,,
 Laboratorio de Resbaladicidad SL,2655.0,17/02/2022,17/02/2022,ZZZ191,1.0,Sample Holder in Aluminium,572.552941,15%,,,BAS Excluded,0.00,,
 Laboratorio de Resbaladicidad SL,2655.0,17/02/2022,17/02/2022,ZZZ188,1.0,Wessex Pendulum Pointer (ES),104.2,15%,,,BAS Excluded,0.00,,
 Laboratorio de Resbaladicidad SL,2655.0,17/02/2022,17/02/2022,ZZZ189,1.0,Wessex Pendulum Point Ring (ES,112.211765,15%,,,BAS Excluded,0.00,,
 Smithers MSE Limited,2649.0,04/03/2022,04/03/2022,ZZZ2001,40.0,4S (96) Rubber Slider,66.74,0%,,,BAS Excluded,0.00,,
 Bunnings Warehouse,2731.0,04/03/2022,04/03/2022,GA022,3.0,Wet Floor Sign,8.59,0%,,,BAS Excluded,2.58,,
 Bunnings Warehouse,2675.0,15/03/2022,15/03/2022,WC014,60.0,Microfibre Clean Cloth- Multic,0.4545,0%,,,BAS Excluded,2.73,,
 Bunnings Warehouse,2675.0,15/03/2022,15/03/2022,WC015,20.0,Microfibre Cleaning Cloth-Blue,0.4545,0%,,,BAS Excluded,.91,,
 Bunnings Warehouse,2675.0,15/03/2022,15/03/2022,GA026,8.0,Spray Bottle,2.955,0%,,,BAS Excluded,2.36,,
 Smithers MSE Limited,2692.0,30/03/2022,30/03/2022,TC001,25.0,Slider 96 (4S) Rubber Sliders,63.11,0%,,,BAS Excluded,0.00,,
 Smithers MSE Limited,2692.0,30/03/2022,30/03/2022,TC002,5.0,Slider 55 (TRL) Rubber Slider,63.11,0%,,,BAS Excluded,0.00,,
 Tork Signs,2698.0,30/03/2022,30/03/2022,P011,250.0,Sticker-GPC Sample,2.05,0%,,,BAS Excluded,51.25,,
 Woolworths,2745.0,14/04/2022,14/04/2022,WC023,4.0,Ajax Spray & Wipe,3.1825,0%,,,BAS Excluded,1.27,,
 Woolworths,2745.0,14/04/2022,14/04/2022,WC025,3.0,Demineralised Water -5L,1.816667,0%,,,BAS Excluded,.55,,
 Laboratorio de Resbaladicidad SL,2752.0,27/04/2022,27/04/2022,WL001,1.0,WammaLab Pendulum,,0%,,,BAS Excluded,0.00,,
 Laboratorio de Resbaladicidad SL,2752.0,27/04/2022,27/04/2022,WL049,2.0,Pendulum Sample Holder,530.217647,15%,,,BAS Excluded,0.00,,
 Laboratorio de Resbaladicidad SL,2752.0,27/04/2022,27/04/2022,WL010,6.0,Levelling Feet Assembly,25.5,15%,,,BAS Excluded,0.00,,
 Laboratorio de Resbaladicidad SL,2752.0,27/04/2022,27/04/2022,WL008,12.0,Levelling Feet Screw Knob,4.9,15%,,,BAS Excluded,0.00,,
 QM Systems Ltd,2764.0,01/05/2022,01/05/2022,WSX001,1.0,Wessex Tortus,,0%,,,BAS Excluded,0.00,,
 Laboratorio de Resbaladicidad SL,2783.0,23/05/2022,23/05/2022,WL001,1.0,WammaLab Pendulum,,0%,,,BAS Excluded,0.00,,
 Laboratorio de Resbaladicidad SL,2783.0,23/05/2022,23/05/2022,WL049,1.0,Pendulum Sample Holder,542.635294,15%,,,BAS Excluded,0.00,,
 Bunnings Warehouse,2843.0,28/05/2022,28/05/2022,WC014,60.0,Microfibre Clean Cloth- Multic,0.4545,0%,,,BAS Excluded,2.73,,
 Bunnings Warehouse,2806.0,01/06/2022,01/06/2022,WC014,15.0,Microfibre Clean Cloth- Multic,0.454667,0%,,,BAS Excluded,.68,,
 Bunnings Warehouse,2806.0,01/06/2022,01/06/2022,WC015,5.0,Microfibre Cleaning Cloth-Blue,0.454,0%,,,BAS Excluded,.23,,
 Bunnings Warehouse,2807.0,01/06/2022,01/06/2022,GA026,6.0,Spray Bottle,2.955,0%,,,BAS Excluded,1.77,,
 Australia Post,2808.0,01/06/2022,01/06/2022,WC010,20.0,Pack-S Padded Satchel125x160mm,1.136471,15%,,,BAS Excluded,1.93,,
 Australia Post,2808.0,01/06/2022,01/06/2022,WC011,20.0,Pack-M Padded Satchel151x229mm,1.000123,18.86%,,,BAS Excluded,1.62,,
 Bunnings Warehouse,2817.0,03/06/2022,03/06/2022,GA004,1.0,Doorstop,1.51,0%,,,BAS Excluded,.15,,
 Bunnings Warehouse,2817.0,03/06/2022,03/06/2022,WC001,6.0,Superglue- Powerflex Gel Contr,9.063333,0%,,,BAS Excluded,5.44,,
 Bunnings Warehouse,2829.0,13/06/2022,13/06/2022,GA003,15.0,Dry Testing Microfibre Cloth,2.724,0%,,,BAS Excluded,4.09,,
 Bunnings Warehouse,2861.0,30/06/2022,30/06/2022,GA020,4.0,Flat Bed Trolley,44.545,0%,,,BAS Excluded,17.82,,
 Office Works,2877.0,30/06/2022,30/06/2022,WC003,4.0,Packaging- Clear Pallet Wrap,4.405,0%,,,BAS Excluded,1.76,,
 Office Works,2877.0,30/06/2022,30/06/2022,WC007,100.0,Pack-Med Snap Lock Bag75X100,0.1091,0%,,,BAS Excluded,1.09,,
 Archive Boxes Australia,2879.0,04/07/2022,04/07/2022,WC026,6.0,Administration Archive Box,11.773333,0%,,,BAS Excluded,7.06,,
 Laboratorio de Resbaladicidad SL,2886.0,07/07/2022,07/07/2022,WL001,1.0,WammaLab Pendulum,,0%,,,BAS Excluded,0.00,,
 Australian Boating Supplies ,2889.0,07/07/2022,07/07/2022,WC022,1.0,Nevr-Dull Wadding Polish,28.41,0%,,,BAS Excluded,2.84,,
 Smithers MSE Limited,2887.0,08/07/2022,08/07/2022,TC001,18.0,Slider 96 (4S) Rubber Sliders,66.87,0%,,,BAS Excluded,0.00,,
 Smithers MSE Limited,2887.0,08/07/2022,08/07/2022,TC002,10.0,Slider 55 (TRL) Rubber Slider,66.87,0%,,,BAS Excluded,0.00,,
 Tork Signs,2906.0,15/07/2022,15/07/2022,P009,10.0,Sticker- Wet Floor Sign,12.31,0%,,,BAS Excluded,12.31,,
 Tork Signs,2906.0,15/07/2022,15/07/2022,P007,119.0,Sticker-General Equpiment,1.1,0%,,,BAS Excluded,13.09,,
 Tork Signs,2907.0,15/07/2022,15/07/2022,P005,450.0,Sticker-GES (Small),0.2,0%,,,BAS Excluded,9,,
 Smithers MSE Limited,2910.0,20/07/2022,20/07/2022,TC001,25.0,Slider 96 (4S) Rubber Sliders,66.59,0%,,,BAS Excluded,0.00,,
 Smithers MSE Limited,2910.0,20/07/2022,20/07/2022,TC002,6.0,Slider 55 (TRL) Rubber Slider,66.59,0%,,,BAS Excluded,0.00,,
 Laboratorio de Resbaladicidad SL,2912.0,21/07/2022,21/07/2022,WL001,1.0,WammaLab Pendulum,,0%,,,BAS Excluded,0.00,,
 Laboratorio de Resbaladicidad SL,2912.0,21/07/2022,21/07/2022,WL010,9.0,Levelling Feet Assembly,55.520261,15%,,,BAS Excluded,0.00,,
 Laboratorio de Resbaladicidad SL,2912.0,21/07/2022,21/07/2022,WL008,9.0,Levelling Feet Screw Knob,4.849673,15%,,,BAS Excluded,0.00,,
 Laboratorio de Resbaladicidad SL,2912.0,21/07/2022,21/07/2022,WL021,3.0,WammaLab Pendulum Pointer,98.239216,15%,,,BAS Excluded,0.00,,
 Laboratorio de Resbaladicidad SL,2912.0,21/07/2022,21/07/2022,WL018,3.0, WammaLab Pointer Ring,105.788235,15%,,,BAS Excluded,0.00,,
 Office Works,2963.0,15/08/2022,15/08/2022,GA002,3.0,Clipboard -Wet,4.726667,0%,,,BAS Excluded,1.42,,
 Smithers MSE Limited,3017.0,31/08/2022,31/08/2022,TC001,10.0,Slider 96 (4S) Rubber Sliders,64.12,0%,,,BAS Excluded,0.00,,
 Smithers MSE Limited,3017.0,31/08/2022,31/08/2022,TC002,10.0,Slider 55 (TRL) Rubber Slider,64.12,0%,,,BAS Excluded,0.00,,
 QM Systems Ltd,3013.0,01/09/2022,01/09/2022,WSX001,1.0,Wessex Tortus,,0%,,,BAS Excluded,0.00,,
 Battery World Cannon Hill,3000.0,06/09/2022,06/09/2022,WSX010,4.0,Wessex Tortus 3 Battery Pack,104.7125,0%,,,BAS Excluded,0.00,,
 Laboratorio de Resbaladicidad SL,3006.0,06/09/2022,06/09/2022,WL001,1.0,WammaLab Pendulum,,0%,,,BAS Excluded,0.00,,
 Smithers MSE Limited,3033.0,16/09/2022,16/09/2022,TC001,40.0,Slider 96 (4S) Rubber Sliders,64.69,0%,,,BAS Excluded,0.00,,
 Smithers MSE Limited,3033.0,16/09/2022,16/09/2022,TC002,6.0,Slider 55 (TRL) Rubber Slider,64.69,0%,,,BAS Excluded,0.00,,
 Australia Post,3025.0,23/09/2022,23/09/2022,WC010,20.0,Pack-S Padded Satchel125x160mm,1.12,0%,,,BAS Excluded,2.24,,
 ebay,3024.0,27/09/2022,27/09/2022,WSX009,2.0,Wessex Tortus 3 Charger Unit,125.2,0%,,,BAS Excluded,0.00,,
 Australia Post,3026.0,27/09/2022,27/09/2022,WC012,11.0,Pack-L Padded Satchel265x380mm,1.990909,0%,,,BAS Excluded,2.19,,
 Bunnings Warehouse,3036.0,30/09/2022,30/09/2022,WC001,10.0,Superglue- Powerflex Gel Contr,6.209,0%,,,BAS Excluded,6.21,,
 Fortburn Pty Ltd,3043.0,05/10/2022,05/10/2022,WSX003,2.0,Load Cell Assembly (Reconditio,357.5,0%,,,BAS Excluded,0.00,,
 Bunnings Warehouse,3067.0,05/10/2022,05/10/2022,GA003,6.0,Dry Testing Microfibre Cloth,2.725,0%,,,BAS Excluded,1.63,,
 Bunnings Warehouse,3067.0,05/10/2022,05/10/2022,WC021,1.0,WD10-275G,8.08,0%,,,BAS Excluded,.81,,
 Bunnings Warehouse,3067.0,05/10/2022,05/10/2022,GA008,12.0,Trolly Base Cups - Large,2.590833,0%,,,BAS Excluded,3.11,,
 Bunnings Warehouse,3068.0,05/10/2022,05/10/2022,WC014,40.0,Microfibre Clean Cloth- Multic,0.4545,0%,,,BAS Excluded,1.82,,
 Bunnings Warehouse,3068.0,05/10/2022,05/10/2022,GA026,10.0,Spray Bottle,2.955,0%,,,BAS Excluded,2.95,,
 Laboratorio de Resbaladicidad SL,3047.0,07/10/2022,07/10/2022,WL001,1.0,WammaLab Pendulum,,0%,,,BAS Excluded,0.00,,
 Laboratorio de Resbaladicidad SL,3047.0,07/10/2022,07/10/2022,WL021,3.0,WammaLab Pendulum Pointer,97.831373,15%,,,BAS Excluded,0.00,,
 Laboratorio de Resbaladicidad SL,3047.0,07/10/2022,07/10/2022,WL018,3.0,WammaLab Pointer Ring,105.360784,15%,,,BAS Excluded,0.00,,
 Laboratorio de Resbaladicidad SL,3047.0,07/10/2022,07/10/2022,WL019,1.0,Pendulum Head Pivot,537.552941,15%,,,BAS Excluded,0.00,,
 Laboratorio de Resbaladicidad SL,3065.0,13/10/2022,13/10/2022,WL001,1.0,WammaLab Pendulum,,0%,,,BAS Excluded,0.00,,
 AutoMegaStore,3091.0,27/10/2022,27/10/2022,WC022,4.0,Nevr-Dull Wadding Polish,25.8875,0%,,,BAS Excluded,10.36,,
 Office Works,3098.0,31/10/2022,31/10/2022,WC005,1.0,Packaging- Bubble Wrap,24.89,0%,,,BAS Excluded,2.49,,
 Smithers MSE Limited,3108.0,03/11/2022,03/11/2022,TC001,35.0,Slider 96 (4S) Rubber Sliders,65.82,0%,,,BAS Excluded,0.00,,
 Smithers MSE Limited,3108.0,03/11/2022,03/11/2022,TC002,4.0,Slider 55 (TRL) Rubber Slider,65.82,0%,,,BAS Excluded,0.00,,
 Bunnings Warehouse,3129.0,08/11/2022,08/11/2022,GA020,3.0,Flat Bed Trolley,48.616667,0%,,,BAS Excluded,14.59,,
 Bunnings Warehouse,3129.0,08/11/2022,08/11/2022,WC002,1.0,Packaging- Scotch Tape,27.26,0%,,,BAS Excluded,2.72,,
 Bunnings Warehouse,3129.0,08/11/2022,08/11/2022,WC001,1.0,Superglue- Powerflex Gel Contr,6.27,0%,,,BAS Excluded,.63,,
 Bunnings Warehouse,3129.0,08/11/2022,08/11/2022,GA008,3.0,Trolly Base Cups - Large,2.59,0%,,,BAS Excluded,.78,,
 Bunnings Warehouse,3129.0,08/11/2022,08/11/2022,GA022,3.0,Wet Floor Sign,2.046667,0%,,,BAS Excluded,.61,,
 Independent Slip Testing Services Limited,3148.0,13/11/2022,13/11/2022,M019,1.0,Pendulum Bullseye Level,28.96,0%,,,BAS Excluded,0.00,,
 Independent Slip Testing Services Limited,3148.0,13/11/2022,13/11/2022,M023,4.0,Munro Pendulum Felt Friction R,7.13,0%,,,BAS Excluded,0.00,,
 Independent Slip Testing Services Limited,3148.0,13/11/2022,13/11/2022,M026,1.0,Pointer Adjustment Strike,90.29,0%,,,BAS Excluded,0.00,,
 Independent Slip Testing Services Limited,3148.0,13/11/2022,13/11/2022,M033,1.0,Munro Pendulum Slider Pin,4.22,0%,,,BAS Excluded,0.00,,
 Independent Slip Testing Services Limited,3148.0,13/11/2022,13/11/2022,M034,1.0,Munro Pendulum Slider Spring,18.15,0%,,,BAS Excluded,0.00,,
 Independent Slip Testing Services Limited,3148.0,13/11/2022,13/11/2022,M037,1.0,Pendulum Tool Kit,110.87,0%,,,BAS Excluded,0.00,,
 Independent Slip Testing Services Limited,3148.0,13/11/2022,13/11/2022,M028,1.0,Pendulum Carry Handle,82.46,0%,,,BAS Excluded,0.00,,
 Smithers MSE Limited,3136.0,18/11/2022,18/11/2022,TC001,30.0,Slider 96 (4S) Rubber Sliders,72.26,0%,,,BAS Excluded,0.00,,
 Laboratorio de Resbaladicidad SL,3139.0,22/11/2022,22/11/2022,WL001,1.0,WammaLab Pendulum,,0%,,,BAS Excluded,0.00,,
 Laboratorio de Resbaladicidad SL,3139.0,22/11/2022,22/11/2022,TC010,3.0,Verif WL Pavigress Tile,159.380392,15%,,,BAS Excluded,0.00,,
 Laboratorio de Resbaladicidad SL,3139.0,22/11/2022,22/11/2022,WL050,4.0,Pendulum Flight case,16.92,0%,,,BAS Excluded,0.00,,
 QM Systems Ltd,3183.0,01/12/2022,01/12/2022,WSX005,10.0,Wessex Tortus Slider Foot,95.550588,15%,,,BAS Excluded,0.00,,
 Office Works,3204.0,02/12/2022,02/12/2022,GA006,5.0,Onsite Testing Ruler 15cm SS,4.272,0%,,,BAS Excluded,2.14,,
 Archive Boxes Australia,3174.0,08/12/2022,08/12/2022,WC026,20.0,Administration Archive Box,11.7725,0%,,,BAS Excluded,23.55,,
 Bunnings Warehouse,3202.0,16/12/2022,16/12/2022,GA003,12.0,Dry Testing Microfibre Cloth,1.3625,0%,,,BAS Excluded,1.63,,
 Total Tools,3199.0,19/12/2022,19/12/2022,GA023,1.0,Digital Site Level,153.64,0%,,,BAS Excluded,15.36,,
 Bunnings Warehouse,3200.0,19/12/2022,19/12/2022,GA004,1.0,Doorstop,1.59,0%,,,BAS Excluded,.16,,
 Bunnings Warehouse,3216.0,28/12/2022,28/12/2022,WC024,2.0,Spray Glue,18.175,0%,,,BAS Excluded,3.63,,
 Bunnings Warehouse,3216.0,28/12/2022,28/12/2022,GA026,7.0,Spray Bottle,4.054286,0%,,,BAS Excluded,2.84,,
 Bunnings Warehouse,3216.0,28/12/2022,28/12/2022,GA004,1.0,Doorstop,1.59,0%,,,BAS Excluded,.16,,
 Office Works,3221.0,28/12/2022,28/12/2022,GA006,10.0,Onsite Testing Ruler 15cm SS,1.809,0%,,,BAS Excluded,1.81,,
 Smithers MSE Limited,3238.0,11/01/2023,11/01/2023,TC001,40.0,Slider 96 (4S) Rubber Sliders,75.2,0%,,,BAS Excluded,0.00,,
 Northside Cleaning and Packaging Supplies,3244.0,12/01/2023,12/01/2023,GA024,6.0,Telescopic Mop Handle,9.8,0%,,,BAS Excluded,5.88,,
 Office Works,3247.0,12/01/2023,12/01/2023,WC006,50.0,Pack-Small Snap Lock Bag40x50M,0.027,0%,,,BAS Excluded,.14,,
 Office Works,3247.0,12/01/2023,12/01/2023,WC009,25.0,Pack-XL  Snap Lock Bag A4,0.2516,0%,,,BAS Excluded,.62,,
 Bunnings Warehouse,3266.0,22/01/2023,22/01/2023,WC014,60.0,Microfibre Clean Cloth- Multic,0.4545,0%,,,BAS Excluded,2.73,,
 Bunnings Warehouse,3266.0,22/01/2023,22/01/2023,WC015,20.0,Microfibre Cleaning Cloth-Blue,0.4545,0%,,,BAS Excluded,.91,,
 Laboratorio de Resbaladicidad SL,3261.0,23/01/2023,23/01/2023,WL001,1.0,WammaLab Pendulum,,0%,,,BAS Excluded,0.00,,
 AutoMegaStore,3264.0,24/01/2023,24/01/2023,TC005,10.0,Verif -P400 Paper(Pack of 10),11.812,0%,,,BAS Excluded,11.81,,
 Smithers MSE Limited,3282.0,01/02/2023,01/02/2023,TC001,15.0,Slider 96 (4S) Rubber Sliders,72.93,0%,,,BAS Excluded,0.00,,
 Smithers MSE Limited,3282.0,01/02/2023,01/02/2023,TC002,20.0,Slider 55 (TRL) Rubber Slider\r\n,72.93,0%,,,BAS Excluded,0.00,,
 Tork Signs,3292.0,02/02/2023,02/02/2023,P011,168.0,Sticker-GPC Sample,2.05,0%,,,BAS Excluded,34.44,,
 Tork Signs,3293.0,02/02/2023,02/02/2023,P009,10.0,Sticker- Wet Floor Sign,12.31,0%,,,BAS Excluded,12.31,,
 Bunnings Warehouse,3312.0,04/02/2023,04/02/2023,WC015,20.0,Microfibre Cleaning Cloth-Blue,0.4545,0%,,,BAS Excluded,.91,,
 Bunnings Warehouse,3312.0,04/02/2023,04/02/2023,WC014,20.0,Microfibre Clean Cloth- Multic,0.4545,0%,,,BAS Excluded,.91,,
 Bunnings Warehouse,3312.0,04/02/2023,04/02/2023,TC013,1.0,Double Sided Tape-Control Test,8.663158,5%,,,BAS Excluded,.82,,
 Bunnings Warehouse,3301.0,06/02/2023,06/02/2023,TC013,12.0,Double Sided Tape-Control Test,8.663333,0%,,,BAS Excluded,10.4,,
 Bunnings Warehouse,3301.0,06/02/2023,06/02/2023,GA003,9.0,Dry Testing Microfibre Cloth,0.908889,0%,,,BAS Excluded,.81,,
 Bunnings Warehouse,3301.0,06/02/2023,06/02/2023,GA026,4.0,Spray Bottle,4.0525,0%,,,BAS Excluded,1.63,,
 Bunnings Warehouse,3301.0,06/02/2023,06/02/2023,GA008,9.0,Trolly Base Cups - Large,2.845556,0%,,,BAS Excluded,2.56,,
 Bunnings Warehouse,3301.0,06/02/2023,06/02/2023,GA007,3.0,Trolly Base Cups-Small,2.036667,0%,,,BAS Excluded,.61,,
 Australia Post,3302.0,06/02/2023,06/02/2023,WC013,13.0,Pack-XL Tough Bag 400x659mm,1.173077,0%,,,BAS Excluded,1.52,,
 Australia Post,3302.0,06/02/2023,06/02/2023,WC012,6.0,Pack-L Padded Satchel265x380mm,1.99,0%,,,BAS Excluded,1.2,,
 AutoMegaStore,3313.0,08/02/2023,08/02/2023,TC005,20.0,Verif -P400 Paper(Pack of 10),10.9485,0%,,,BAS Excluded,21.9,,
 Laboratorio de Resbaladicidad SL,3350.0,06/03/2023,06/03/2023,WL001,1.0,WammaLab Pendulum,,0%,,,BAS Excluded,0.00,,
 Laboratorio de Resbaladicidad SL,3350.0,06/03/2023,06/03/2023,WL049,2.0,Pendulum Sample Holder,569.5,15%,,,BAS Excluded,0.00,,
 Laboratorio de Resbaladicidad SL,3350.0,06/03/2023,06/03/2023,TC010,2.0,Verif WL Pavigress Tile,162.5,15%,,,BAS Excluded,0.00,,
 Laboratorio de Resbaladicidad SL,3350.0,06/03/2023,06/03/2023,WL053,1.0,WanmaLab Pend Centre Spindle,180.0,15%,,,BAS Excluded,0.00,,
 Laboratorio de Resbaladicidad SL,3366.0,14/03/2023,14/03/2023,WL001,1.0,WammaLab Pendulum,,0%,,,BAS Excluded,0.00,,
 Bunnings Warehouse,3372.0,15/03/2023,15/03/2023,WC014,30.0,Microfibre Clean Cloth- Multic,0.454667,0%,,,BAS Excluded,1.36,,
 Bunnings Warehouse,3372.0,15/03/2023,15/03/2023,WC015,10.0,Microfibre Cleaning Cloth-Blue,0.454,0%,,,BAS Excluded,.46,,
 Bunnings Warehouse,3372.0,15/03/2023,15/03/2023,WC001,3.0,Superglue- Powerflex Gel Contr,9.063333,0%,,,BAS Excluded,2.72,,
 Bunnings Warehouse,3372.0,15/03/2023,15/03/2023,GA003,9.0,Dry Testing Microfibre Cloth,0.908889,0%,,,BAS Excluded,.81,,
 Bunnings Warehouse,3372.0,15/03/2023,15/03/2023,GA026,4.0,Spray Bottle,4.0525,0%,,,BAS Excluded,1.63,,
 Bunnings Warehouse,3381.0,20/03/2023,20/03/2023,WC005,1.0,Packaging- Bubble Wrap,25.45,0%,,,BAS Excluded,2.55,,
 Office Works,3382.0,21/03/2023,21/03/2023,WC005,2.0,Packaging- Bubble Wrap,24.89,0%,,,BAS Excluded,4.98,,
 Smithers MSE Limited,3388.0,24/03/2023,24/03/2023,TC001,12.0,Slider 96 (4S) Rubber Sliders,71.47,0%,,,BAS Excluded,0.00,,
 Smithers MSE Limited,3388.0,24/03/2023,24/03/2023,TC002,5.0,Slider 55 (TRL) Rubber Slider,71.47,0%,,,BAS Excluded,0.00,,
 Fortburn Pty Ltd,3414.0,11/04/2023,11/04/2023,WSX003,2.0,Load Cell Assembly (Reconditio,325.0,0%,,,BAS Excluded,65,,
 Bunnings Warehouse,3417.0,11/04/2023,11/04/2023,WC014,45.0,Microfibre Clean Cloth- Multic,0.454444,0%,,,BAS Excluded,2.05,,
 Bunnings Warehouse,3417.0,11/04/2023,11/04/2023,WC015,15.0,Microfibre Cleaning Cloth-Blue,0.454667,0%,,,BAS Excluded,.68,,
 Bunnings Warehouse,3417.0,11/04/2023,11/04/2023,GA003,3.0,Dry Testing Microfibre Cloth,2.726667,0%,,,BAS Excluded,.81,,
 Bunnings Warehouse,3417.0,11/04/2023,11/04/2023,GA026,4.0,Spray Bottle,4.0525,0%,,,BAS Excluded,1.63,,
 AutoMegaStore,3430.0,19/04/2023,19/04/2023,WC022,4.0,Nevr-Dull Wadding Polish,24.5375,0%,,,BAS Excluded,9.81,,
 Smithers MSE Limited,3433.0,21/04/2023,21/04/2023,TC001,30.0,Slider 96 (4S) Rubber Sliders,75.58,0%,,,BAS Excluded,0.00,,
 Smithers MSE Limited,3434.0,26/04/2023,26/04/2023,TC001,40.0,Slider 96 (4S) Rubber Sliders,75.67,0%,,,BAS Excluded,0.00,,
 Smithers MSE Limited,3434.0,26/04/2023,26/04/2023,TC002,20.0,Slider 55 (TRL) Rubber Slider,75.67,0%,,,BAS Excluded,0.00,,
 Laboratorio de Resbaladicidad SL,3461.0,28/04/2023,28/04/2023,WL001,1.0,WammaLab Pendulum,,0%,,,BAS Excluded,0.00,,
 Laboratorio de Resbaladicidad SL,3461.0,28/04/2023,28/04/2023,WL054,6.0,WammaLab Pen Foot Washer,13.570588,15%,,,BAS Excluded,0.00,,
 Laboratorio de Resbaladicidad SL,3461.0,28/04/2023,28/04/2023,WL055,6.0,WammaLab Pend Foot Nut,1.493333,0%,,,BAS Excluded,0.00,,
 Bunnings Warehouse,3457.0,05/05/2023,05/05/2023,GA020,5.0,Flat Bed Trolley,48.618,0%,,,BAS Excluded,24.31,,
 Bunnings Warehouse,3457.0,05/05/2023,05/05/2023,GA026,8.0,Spray Bottle,4.4,0%,,,BAS Excluded,3.52,,
 Bunnings Warehouse,3458.0,05/05/2023,05/05/2023,WC017,8.0,Loc-Tite,5.96375,0%,,,BAS Excluded,4.77,,
 Bunnings Warehouse,3458.0,05/05/2023,05/05/2023,WC019,1.0,Methylated Spirits-1L,4.6,0%,,,BAS Excluded,.46,,
 Bunnings Warehouse,3458.0,05/05/2023,05/05/2023,WC020,1.0,Turpentine-1L,4.88,0%,,,BAS Excluded,.49,,
 Bunnings Warehouse,3458.0,05/05/2023,05/05/2023,GA004,3.0,Doorstop,1.51,0%,,,BAS Excluded,.45,,
 Bunnings Warehouse,3458.0,05/05/2023,05/05/2023,GA010,1.0,Safety - Hard Hat,11.46,0%,,,BAS Excluded,1.15,,
 Bunnings Warehouse,3458.0,05/05/2023,05/05/2023,WC014,120.0,Microfibre Clean Cloth- Multic,0.454583,0%,,,BAS Excluded,5.45,,
 Bunnings Warehouse,3458.0,05/05/2023,05/05/2023,GA022,6.0,Wet Floor Sign,8.49,0%,,,BAS Excluded,5.1,,
 Bunnings Warehouse,3458.0,05/05/2023,05/05/2023,GA015,6.0,Safety- Traffic Cones,12.955,0%,,,BAS Excluded,7.77,,
 Office Works,3459.0,05/05/2023,05/05/2023,WC007,500.0,Pack-Med Snap Lock Bag75X100,0.09818,0%,,,BAS Excluded,4.91,,
 Office Works,3459.0,05/05/2023,05/05/2023,WC008,500.0,Pack-L  Snap Lock Bag100x155mm,0.10364,0%,,,BAS Excluded,5.18,,
 Office Works,3459.0,05/05/2023,05/05/2023,WC009,500.0,Pack-XL  Snap Lock Bag A4,0.11364,0%,,,BAS Excluded,5.68,,
 Bunnings Warehouse,3480.0,17/05/2023,17/05/2023,GA026,24.0,Spray Bottle,4.4,0%,,,BAS Excluded,10.56,,
 Australia Post,3504.0,30/05/2023,30/05/2023,WC010,20.0,Pack-S Padded Satchel125x160mm,1.172424,30.23%,,,BAS Excluded,1.64,,
 Australia Post,3504.0,30/05/2023,30/05/2023,WC012,10.0,Pack-L Padded Satchel265x380mm,1.991,0%,,,BAS Excluded,1.99,,
 Bunnings Warehouse,3505.0,31/05/2023,31/05/2023,WC014,45.0,Microfibre Clean Cloth- Multic,0.454444,0%,,,BAS Excluded,2.05,,
 Bunnings Warehouse,3505.0,31/05/2023,31/05/2023,WC015,15.0,Microfibre Cleaning Cloth-Blue,0.454667,0%,,,BAS Excluded,.68,,
 Bunnings Warehouse,3505.0,31/05/2023,31/05/2023,WC021,1.0,WD10-275G,9.08,0%,,,BAS Excluded,.9,,
 Bunnings Warehouse,3505.0,31/05/2023,31/05/2023,WC025,2.0,Demineralised Water -5L,4.535,0%,,,BAS Excluded,.91,,
 Bunnings Warehouse,3505.0,31/05/2023,31/05/2023,F042,40.0,Gen Anc Troll Cup Nut M8,0.389,0%,,,BAS Excluded,1.56,,
 Office Works,3510.0,01/06/2023,01/06/2023,GA006,1.0,Onsite Testing Ruler 15cm SS,3.21,0%,,,BAS Excluded,.32,,
 QM Systems Ltd,3546.0,07/06/2023,07/06/2023,WSX001,1.0,Wessex Tortus,,15%,,,BAS Excluded,0.00,,
 QM Systems Ltd,3546.0,07/06/2023,07/06/2023,WSX005,5.0,Wessex Tortus Slider Foot,98.590588,15%,,,BAS Excluded,0.00,,
 Laboratorio de Resbaladicidad SL,3531.0,08/06/2023,08/06/2023,WL001,1.0,WammaLab Pendulum,,0%,,,BAS Excluded,0.00,,
 Laboratorio de Resbaladicidad SL,3531.0,08/06/2023,08/06/2023,WL049,2.0,Pendulum Sample Holder,592.717647,15%,,,BAS Excluded,0.00,,
 Laboratorio de Resbaladicidad SL,3531.0,08/06/2023,08/06/2023,TC009,3.0,Verif-WL Float Glass,27.941176,15%,,,BAS Excluded,0.00,,
 Laboratorio de Resbaladicidad SL,3531.0,08/06/2023,08/06/2023,WL044,3.0,Slider Dist Meas Tool (Plate),59.270588,15%,,,BAS Excluded,0.00,,
 Laboratorio de Resbaladicidad SL,3531.0,08/06/2023,08/06/2023,TC010,1.0,Verif WL Pavigress Tile,169.352941,15%,,,BAS Excluded,0.00,,
 Laboratorio de Resbaladicidad SL,3531.0,08/06/2023,08/06/2023,TC004,30.0,Slider Backing Plate,13.890196,15%,,,BAS Excluded,0.00,,
 Laboratorio de Resbaladicidad SL,3531.0,08/06/2023,08/06/2023,WL052,2.0,WammaLab Pend Case Wheels,15.58,0%,,,BAS Excluded,0.00,,
 Laboratorio de Resbaladicidad SL,3531.0,08/06/2023,08/06/2023,WL056,6.0,WammaLab Bearing Foot Rocker,8.470588,15%,,,BAS Excluded,0.00,,
 Laboratorio de Resbaladicidad SL,3531.0,08/06/2023,08/06/2023,WL057,6.0,WammaLab Foot Fixing Pins,0.270588,15%,,,BAS Excluded,0.00,,
 ebay,3544.0,08/06/2023,08/06/2023,GA005,8.0,Digital Site Thermometer,9.954937,5.02%,,,BAS Excluded,7.56,,
 Smithers MSE Limited,3556.0,23/06/2023,23/06/2023,TC001,40.0,Slider 96 (4S) Rubber Sliders,78.79,0%,,,BAS Excluded,0.00,,
 David Jones,3566.0,27/06/2023,27/06/2023,GA021,3.0,Wet Ancillary Hard Case,399.093333,50%,,,BAS Excluded,59.86,,
 Bunnings Warehouse,3567.0,27/06/2023,27/06/2023,F041,50.0,Gen Anc Troll Cup Bolt M8x40mm,0.5128,0%,,,BAS Excluded,2.56,,
 Bunnings Warehouse,3567.0,27/06/2023,27/06/2023,F042,20.0,Gen Anc Troll Cup Nut M8,0.389,0%,,,BAS Excluded,.78,,
 Bunnings Warehouse,3567.0,27/06/2023,27/06/2023,GA008,18.0,Trolly Base Cups - Large,3.127222,0%,,,BAS Excluded,5.63,,
 Bunnings Warehouse,3567.0,27/06/2023,27/06/2023,GA009,10.0,Safety - Gear Bag,2.364,0%,,,BAS Excluded,2.36,,
 Bunnings Warehouse,3567.0,27/06/2023,27/06/2023,F043,20.0,Gen Anc Troll Cup Washer M8,0.1725,0%,,,BAS Excluded,.35,,
 Laboratorio de Resbaladicidad SL,3568.0,28/06/2023,28/06/2023,WL001,1.0,WammaLab Pendulum,,0%,,,BAS Excluded,0.00,,
 Laboratorio de Resbaladicidad SL,3568.0,28/06/2023,28/06/2023,WL049,1.0,Pendulum Sample Holder,590.905882,15%,,,BAS Excluded,0.00,,
 Laboratorio de Resbaladicidad SL,3568.0,28/06/2023,28/06/2023,TC009,2.0,Verif-WL Float Glass,27.852941,15%,,,BAS Excluded,0.00,,
 Laboratorio de Resbaladicidad SL,3568.0,28/06/2023,28/06/2023,TC010,1.0,Verif WL Pavigress Tile,168.835294,15%,,,BAS Excluded,0.00,,
 Bunnings Warehouse,3615.0,14/07/2023,14/07/2023,GA020,3.0,Flat Bed Trolley,48.616667,0%,,,BAS Excluded,14.59,,
 Bunnings Warehouse,3615.0,14/07/2023,14/07/2023,GA015,1.0,Safety- Traffic Cones,14.55,0%,,,BAS Excluded,1.45,,
 Bunnings Warehouse,3615.0,14/07/2023,14/07/2023,GA010,1.0,Safety - Hard Hat,12.06,0%,,,BAS Excluded,1.21,,
 Bunnings Warehouse,3615.0,14/07/2023,14/07/2023,GA022,5.0,Wet Floor Sign,8.938,0%,,,BAS Excluded,4.46,,
 Tork Signs,3621.0,19/07/2023,19/07/2023,P009,10.0,Sticker- Wet Floor Sign,12.31,0%,,,BAS Excluded,12.31,,
 Woolworths,3623.0,19/07/2023,19/07/2023,WS019,3.0,Wes Tor 3 Lexar USB Stick 2.0,10.666667,0%,,,BAS Excluded,0.00,,
 Smithers MSE Limited,3629.0,26/07/2023,26/07/2023,TC001,30.0,Slider 96 (4S) Rubber Sliders,79.33,0%,,,BAS Excluded,0.00,,
 Battery Wolrd Capalaba,3635.0,28/07/2023,28/07/2023,WSX010,4.0,Wessex Tortus 3 Battery Pack,114.545,0%,,,BAS Excluded,45.82,,
 Office Works,3681.0,15/08/2023,15/08/2023,GA002,1.0,Clipboard -Wet,4.99,0%,,,BAS Excluded,.5,,
 Tork Signs,3680.0,17/08/2023,17/08/2023,P009,8.0,Sticker- Wet Floor Sign,12.31,0%,,,BAS Excluded,9.85,,
 Smithers MSE Limited,3684.0,18/08/2023,18/08/2023,TC001,17.0,Slider 96 (4S) Rubber Sliders,79.16,0%,,,BAS Excluded,0.00,,
 Smithers MSE Limited,3684.0,18/08/2023,18/08/2023,TC002,17.0,Slider 55 (TRL) Rubber Slider,79.16,0%,,,BAS Excluded,0.00,,
 Archive Boxes Australia,3685.0,18/08/2023,18/08/2023,WC026,20.0,Administration Archive Box,14.1795,0%,,,BAS Excluded,28.36,,
 Bunnings Warehouse,3687.0,21/08/2023,21/08/2023,GA003,3.0,Dry Testing Microfibre Cloth,2.723333,0%,,,BAS Excluded,.82,,
 Australia Post,3704.0,29/08/2023,29/08/2023,WC010,20.0,Pack-S Padded Satchel125x160mm,0.818,0%,,,BAS Excluded,1.64,,
 Crystal White ,3705.0,30/08/2023,30/08/2023,GA025,12.0,Blue Mop Head,16.666667,0%,,,BAS Excluded,20,,
 Bunnings Warehouse,3715.0,30/08/2023,30/08/2023,WC024,1.0,Spray Glue,19.9,0%,,,BAS Excluded,1.99,,
 Bunnings Warehouse,3715.0,30/08/2023,30/08/2023,WC001,3.0,Superglue- Powerflex Gel Contr,6.273333,0%,,,BAS Excluded,1.88,,
 Bunnings Warehouse,3715.0,30/08/2023,30/08/2023,TC013,8.0,Double Sided Tape-Control Test,8.66375,0%,,,BAS Excluded,6.93,,
 Bunnings Warehouse,3715.0,30/08/2023,30/08/2023,WC019,2.0,Methylated Spirits-1L,4.845,0%,,,BAS Excluded,.97,,
 Bunnings Warehouse,3715.0,30/08/2023,30/08/2023,GA004,3.0,Doorstop,1.103333,0%,,,BAS Excluded,.33,,
 David Jones,3706.0,31/08/2023,31/08/2023,GA021,2.0,Wet Ancillary Hard Case,399.091667,40%,,,BAS Excluded,47.89,,
 RS Components Pty Ltd,3710.0,01/09/2023,01/09/2023,TC006,50.0,Verif- 3M Pink Lap Film (P 10 ,32.0856,0%,,,BAS Excluded,160.43,,
 Laboratorio de Resbaladicidad SL,3724.0,05/09/2023,05/09/2023,WL001,1.0,WammaLab Pendulum,,0%,,,BAS Excluded,0.00,,
 Laboratorio de Resbaladicidad SL,3724.0,05/09/2023,05/09/2023,WL049,1.0,Pendulum Sample Holder,605.635294,15%,,,BAS Excluded,0.00,,
 Laboratorio de Resbaladicidad SL,3724.0,05/09/2023,05/09/2023,TC009,2.0,Verif-WL Float Glass,38.929412,15%,,,BAS Excluded,0.00,,
 Laboratorio de Resbaladicidad SL,3724.0,05/09/2023,05/09/2023,TC010,1.0,Verif WL Pavigress Tile,173.035294,15%,,,BAS Excluded,0.00,,
 Laboratorio de Resbaladicidad SL,3724.0,05/09/2023,05/09/2023,WL044,2.0,Slider Dist Meas Tool (Plate),60.558824,15%,,,BAS Excluded,0.00,,
 ebay,3783.0,08/09/2023,08/09/2023,WSX009,3.0,Wessex Tortus 3 Charger Unit,148.106667,0%,,,BAS Excluded,44.43,,
 Total Tools,3740.0,17/09/2023,17/09/2023,GA023,4.0,Digital Site Level,153.6375,0%,,,BAS Excluded,61.45,,
 Luggage Direct,3741.0,17/09/2023,17/09/2023,GA021,3.0,Wet Ancillary Hard Case,239.09,0%,,,BAS Excluded,71.73,,
 Daxon Fabrication,3752.0,26/09/2023,26/09/2023,GA029,6.0,Trolley Storage Box,222.0,0%,,,BAS Excluded,133.2,,
 Bunnings Warehouse,3755.0,26/09/2023,26/09/2023,GA020,3.0,Flat Bed Trolley,48.616667,0%,,,BAS Excluded,14.59,,
 Bunnings Warehouse,3755.0,26/09/2023,26/09/2023,WC014,80.0,Microfibre Clean Cloth- Multic,0.454625,0%,,,BAS Excluded,3.63,,
 Bunnings Warehouse,3755.0,26/09/2023,26/09/2023,GA003,9.0,Dry Testing Microfibre Cloth,2.724444,0%,,,BAS Excluded,2.45,,
 Bunnings Warehouse,3755.0,26/09/2023,26/09/2023,GA026,6.0,Spray Bottle,4.526667,0%,,,BAS Excluded,2.72,,
 Bunnings Warehouse,3755.0,26/09/2023,26/09/2023,GA007,6.0,Trolly Base Cups-Small,3.126667,0%,,,BAS Excluded,1.88,,
 Bunnings Warehouse,3755.0,26/09/2023,26/09/2023,GA008,6.0,Trolly Base Cups - Large,2.365,0%,,,BAS Excluded,1.41,,
 Battery Wolrd Capalaba,3756.0,26/09/2023,26/09/2023,WSX010,3.0,Wessex T3 Batt pack (new swap),114.546667,0%,,,BAS Excluded,34.36,,
 AutoMegaStore,3757.0,28/09/2023,28/09/2023,WC022,4.0,Nevr-Dull Wadding Polish,24.5375,0%,,,BAS Excluded,9.81,,
 Smithers MSE Limited,3759.0,29/09/2023,29/09/2023,TC001,25.0,Slider 96 (4S) Rubber Sliders,80.75,0%,,,BAS Excluded,0.00,,
 Smithers MSE Limited,3759.0,29/09/2023,29/09/2023,TC002,2.0,Slider 55 (TRL) Rubber Slider,80.75,0%,,,BAS Excluded,0.00,,
 Laboratorio de Resbaladicidad SL,3760.0,29/09/2023,29/09/2023,WL001,1.0,WammaLab Pendulum,,0%,,,BAS Excluded,0.00,,
 Laboratorio de Resbaladicidad SL,3760.0,29/09/2023,29/09/2023,WL049,1.0,Pendulum Sample Holder,599.011765,15%,,,BAS Excluded,0.00,,
 Laboratorio de Resbaladicidad SL,3760.0,29/09/2023,29/09/2023,TC009,1.0,Verif-WL Float Glass,38.505882,15%,,,BAS Excluded,0.00,,
 Laboratorio de Resbaladicidad SL,3760.0,29/09/2023,29/09/2023,TC010,1.0,Verif WL Pavigress Tile,171.141176,15%,,,BAS Excluded,0.00,,
 Office Works,3761.0,29/09/2023,29/09/2023,GA001,5.0,Clipboard A4-Dry,4.99,0%,,,BAS Excluded,2.5,,
 Office Works,3761.0,29/09/2023,29/09/2023,GA002,6.0,Clipboard -Wet,4.991667,0%,,,BAS Excluded,2.99,,
 Smithers MSE Limited,3839.0,02/10/2023,02/10/2023,TC001,17.0,Slider 96 (4S) Rubber Sliders,78.6,0%,,,BAS Excluded,0.00,,
 Smithers MSE Limited,3839.0,02/10/2023,02/10/2023,TC002,6.0,Slider 55 (TRL) Rubber Slider,78.6,0%,,,BAS Excluded,0.00,,
 Hiro Industrial Sewing Services,3781.0,10/10/2023,10/10/2023,WS033,2.0,Wessex Tortus Carry Bag,450.0,-10%,,,BAS Excluded,90,,
 Tork Signs,3785.0,13/10/2023,13/10/2023,P001,75.0,Calibration Plate (AU) Pendulu,7.5,0%,,,BAS Excluded,56.25,,
 Tork Signs,3785.0,13/10/2023,13/10/2023,P010,5.0,Sticker - Trolley Box,22.95,0%,,,BAS Excluded,11.48,,
 Office Works,3804.0,26/10/2023,26/10/2023,GA006,10.0,Onsite Testing Ruler 15cm SS,3.209,0%,,,BAS Excluded,3.21,,
 Bunnings Warehouse,3827.0,30/10/2023,30/10/2023,GA022,3.0,Wet Floor Sign,9.29,0%,,,BAS Excluded,2.79,,
 Bunnings Warehouse,3827.0,30/10/2023,30/10/2023,WC014,200.0,Microfibre Clean Cloth- Multic,0.45455,0%,,,BAS Excluded,9.09,,
 Bunnings Warehouse,3827.0,30/10/2023,30/10/2023,WC021,3.0,WD10-275G,9.073333,0%,,,BAS Excluded,2.72,,
 Bunnings Warehouse,3827.0,30/10/2023,30/10/2023,GA006,3.0,Onsite Testing Ruler 15cm SS,2.723333,0%,,,BAS Excluded,.82,,
 Bunnings Warehouse,3827.0,30/10/2023,30/10/2023,GA026,10.0,Spray Bottle,4.528,0%,,,BAS Excluded,4.52,,
 Office Works,3818.0,31/10/2023,31/10/2023,GA001,4.0,Clipboard A4-Dry,4.99,0%,,,BAS Excluded,2,,
 ebay,3819.0,01/11/2023,01/11/2023,GA005,8.0,Digital Site Thermometer,9.954937,5.02%,,,BAS Excluded,7.56,,
 Northside Cleaning and Packaging Supplies,3824.0,03/11/2023,03/11/2023,GA024,12.0,Telescopic Mop Handle,9.8,0%,,,BAS Excluded,11.76,,
 Munro Instruments Limited,3830.0,06/11/2023,06/11/2023,M023,50.0,Munro Pendulum Felt Friction R,8.41,0%,,,BAS Excluded,0.00,,
 Tork Signs,3853.0,23/11/2023,23/11/2023,P011,168.0,Sticker-GPC Sample,2.05,0%,,,BAS Excluded,34.44,,
 AutoMegaStore,3854.0,23/11/2023,23/11/2023,TC005,25.0,Verif -P400 Paper(Pack of 10),11.2692,0%,,,BAS Excluded,28.17,,
 Bunnings Warehouse,3863.0,29/11/2023,29/11/2023,WC014,200.0,Microfibre Clean Cloth- Multic,0.45455,0%,,,BAS Excluded,9.09,,
 Bunnings Warehouse,3863.0,29/11/2023,29/11/2023,WC021,4.0,WD10-275G,9.0725,0%,,,BAS Excluded,3.63,,
 Bunnings Warehouse,3880.0,30/11/2023,30/11/2023,WC001,4.0,Superglue- Powerflex Gel Contr,9.0625,0%,,,BAS Excluded,3.63,,
 Bunnings Warehouse,3880.0,30/11/2023,30/11/2023,GA008,3.0,Trolly Base Cups - Large,3.13,0%,,,BAS Excluded,.93,,
 Bunnings Warehouse,3880.0,30/11/2023,30/11/2023,GA007,9.0,Trolly Base Cups-Small,2.363333,0%,,,BAS Excluded,2.13,,
 Bunnings Warehouse,3880.0,30/11/2023,30/11/2023,F043,25.0,Gen Anc Troll Cup Washer M8,0.0896,0%,,,BAS Excluded,.23,,
 Australia Post,3881.0,30/11/2023,30/11/2023,WC012,10.0,Pack-L Padded Satchel265x380mm,1.991,0%,,,BAS Excluded,1.99,,
 Australian Boating Supplies ,3869.0,01/12/2023,01/12/2023,WC022,4.0,Nevr-Dull Wadding Polish,24.3625,0%,,,BAS Excluded,9.75,,
 Bunnings Warehouse,3895.0,02/12/2023,02/12/2023,WC014,20.0,Microfibre Clean Cloth- Multic,0.4545,0%,,,BAS Excluded,.91,,
 Bunnings Warehouse,3895.0,02/12/2023,02/12/2023,WC014,20.0,Microfibre Clean Cloth- Multic,0.4545,0%,,,BAS Excluded,.91,,
 Bunnings Warehouse,3895.0,02/12/2023,02/12/2023,WC001,1.0,Superglue- Powerflex Gel Contr,5.97,0%,,,BAS Excluded,.59,,
 Bunnings Warehouse,3895.0,02/12/2023,02/12/2023,WC001,1.0,Superglue- Powerflex Gel Contr,5.96,0%,,,BAS Excluded,.6,,
 Bunnings Warehouse,3895.0,02/12/2023,02/12/2023,WC001,1.0,Superglue- Powerflex Gel Contr,5.96,0%,,,BAS Excluded,.6,,
 Bunnings Warehouse,3895.0,02/12/2023,02/12/2023,WC001,1.0,Superglue- Powerflex Gel Contr,5.97,0%,,,BAS Excluded,.59,,
 Smithers MSE Limited,3888.0,06/12/2023,06/12/2023,TC001,17.0,Slider 96 (4S) Rubber Sliders,79.27,0%,,,BAS Excluded,0.00,,
 Smithers MSE Limited,3926.0,04/01/2024,04/01/2024,TC001,35.0,Slider 96 (4S) Rubber Sliders,79.18,0%,,,BAS Excluded,0.00,,
 Smithers MSE Limited,3926.0,04/01/2024,04/01/2024,TC002,10.0,Slider 55 (TRL) Rubber Slider,79.18,0%,,,BAS Excluded,0.00,,
 Laboratorio de Resbaladicidad SL,3951.0,08/01/2024,08/01/2024,WL001,1.0,WammaLab Pendulum,,0%,,,BAS Excluded,0.00,,
 Laboratorio de Resbaladicidad SL,3951.0,08/01/2024,08/01/2024,TC010,2.0,Verif WL Pavigress Tile,169.088235,15%,,,BAS Excluded,0.00,,
 Laboratorio de Resbaladicidad SL,3951.0,08/01/2024,08/01/2024,WL059,3.0,WammaLab Spanner 17 mm,9.329412,15%,,,BAS Excluded,0.00,,
 Laboratorio de Resbaladicidad SL,3951.0,08/01/2024,08/01/2024,TC004,20.0,Slider Backing Plate,21.9,15%,,,BAS Excluded,0.00,,
 Laboratorio de Resbaladicidad SL,3951.0,08/01/2024,08/01/2024,WL051,4.0,Wamma Lab Branded Tool Case,137.979412,15%,,,BAS Excluded,0.00,,
 Laboratorio de Resbaladicidad SL,3951.0,08/01/2024,08/01/2024,WL060,4.0,WammaLab Bearing Locknut,11.229412,15%,,,BAS Excluded,0.00,,
 Laboratorio de Resbaladicidad SL,3951.0,08/01/2024,08/01/2024,WL021,1.0,WammaLab Pendulum Pointer,110.376471,15%,,,BAS Excluded,0.00,,
 Laboratorio de Resbaladicidad SL,3951.0,08/01/2024,08/01/2024,WL018,1.0,WammaLab Pointer Ring,119.576471,15%,,,BAS Excluded,0.00,,
 Bunnings Warehouse,3960.0,18/01/2024,18/01/2024,WC014,120.0,Microfibre Clean Cloth- Multic,0.454583,0%,,,BAS Excluded,5.45,,
 Bunnings Warehouse,3960.0,18/01/2024,18/01/2024,WC021,6.0,WD10-275G,8.616667,0%,,,BAS Excluded,5.18,,
 Bunnings Warehouse,3960.0,18/01/2024,18/01/2024,WC002,1.0,Packaging- Scotch Tape,10.37,0%,,,BAS Excluded,1.03,,
 Bunnings Warehouse,3960.0,18/01/2024,18/01/2024,GA007,2.0,Trolly Base Cups-Small,6.07,0%,,,BAS Excluded,1.22,,
 Smithers MSE Limited,3965.0,25/01/2024,25/01/2024,TC001,18.0,Slider 96 (4S) Rubber Sliders,85.6,0%,,,BAS Excluded,0.00,,
 Australia Post,3993.0,29/01/2024,29/01/2024,WC012,4.0,Pack-L Padded Satchel265x380mm,1.445,0%,,,BAS Excluded,.58,,
 Australia Post,3993.0,29/01/2024,29/01/2024,WC010,5.0,Pack-S Padded Satchel125x160mm,1.174,0%,,,BAS Excluded,.58,,
 Australia Post,3993.0,29/01/2024,29/01/2024,WC011,5.0,Pack-M Padded Satchel151x229mm,1.262,0%,,,BAS Excluded,.64,,
 Australia Post,3993.0,29/01/2024,29/01/2024,WC013,2.0,Pack-XL Tough Bag 400x659mm,2.175,0%,,,BAS Excluded,.43,,
 Bunnings Warehouse,3994.0,29/01/2024,29/01/2024,GA022,2.0,Wet Floor Sign,9.29,0%,,,BAS Excluded,1.86,,
 Bunnings Warehouse,3994.0,29/01/2024,29/01/2024,GA003,6.0,Dry Testing Microfibre Cloth,2.725,0%,,,BAS Excluded,1.63,,
 Bunnings Warehouse,3994.0,29/01/2024,29/01/2024,GA013,2.0,Safety - Gloves,7.255,0%,,,BAS Excluded,1.45,,
 Bunnings Warehouse,3994.0,29/01/2024,29/01/2024,GA026,10.0,Spray Bottle,4.527,0%,,,BAS Excluded,4.53,,
 Tork Signs,4016.0,05/02/2024,05/02/2024,P001,0.0,Calibration Plate (AU) Pendulu,0.0,0%,,,BAS Excluded,0.00,,
 Tork Signs,4016.0,05/02/2024,05/02/2024,P010,5.0,Sticker - Trolley Box,25.24,0%,,,BAS Excluded,12.62,,
 Tork Signs,4016.0,05/02/2024,05/02/2024,P009,6.0,Sticker- Wet Floor Sign,13.54,0%,,,BAS Excluded,8.12,,
 Tork Signs,4017.0,08/02/2024,08/02/2024,P009,6.0,Sticker- Wet Floor Sign,13.54,0%,,,BAS Excluded,8.12,,
 Laboratorio de Resbaladicidad SL,4001.0,09/02/2024,09/02/2024,WL001,1.0,WammaLab Pendulum,,2.45%,,,BAS Excluded,0.00,,
 Laboratorio de Resbaladicidad SL,4001.0,09/02/2024,09/02/2024,TC010,1.0,Verif WL Pavigress Tile,170.294118,15%,,,BAS Excluded,0.00,,
 Laboratorio de Resbaladicidad SL,4001.0,09/02/2024,09/02/2024,WL018,1.0,WammaLab Pointer Ring,120.435294,15%,,,BAS Excluded,0.00,,
 Laboratorio de Resbaladicidad SL,4001.0,09/02/2024,09/02/2024,WL021,1.0,WammaLab Pendulum Pointer,111.164706,15%,,,BAS Excluded,0.00,,
 Laboratorio de Resbaladicidad SL,4001.0,09/02/2024,09/02/2024,WL020,1.0,Pointer Adjustment Strike,40.870588,15%,,,BAS Excluded,0.00,,
 Smithers MSE Limited,4028.0,01/03/2024,01/03/2024,TC001,9.0,Slider 96 (4S) Rubber Sliders,88.0,0%,,,BAS Excluded,0.00,,
 Office Works,4035.0,01/03/2024,01/03/2024,GA006,5.0,Onsite Testing Ruler 15cm SS,3.21,0%,,,BAS Excluded,1.6,,
 Office Works,4035.0,01/03/2024,01/03/2024,WC005,1.0,Packaging- Bubble Wrap,24.89,0%,,,BAS Excluded,2.49,,
 Laboratorio de Resbaladicidad SL,4055.0,11/03/2024,11/03/2024,WL001,1.0,WammaLab Pendulum,,0%,,,BAS Excluded,0.00,,
 Laboratorio de Resbaladicidad SL,4046.0,12/03/2024,12/03/2024,WL001,1.0,WammaLab Pendulum,,0%,,,BAS Excluded,0.00,,
 Laboratorio de Resbaladicidad SL,4046.0,12/03/2024,12/03/2024,TC010,1.0,Verif WL Pavigress Tile,171.670588,15%,,,BAS Excluded,0.00,,
 Laboratorio de Resbaladicidad SL,4046.0,12/03/2024,12/03/2024,WL017,2.0,Pendulum Felt Friction Ring,121.4,15%,,,BAS Excluded,0.00,,
 Laboratorio de Resbaladicidad SL,4046.0,12/03/2024,12/03/2024,WL021,2.0,WammaLab Pendulum Pointer,112.058824,15%,,,BAS Excluded,0.00,,
 Laboratorio de Resbaladicidad SL,4046.0,12/03/2024,12/03/2024,WL020,3.0,Pointer Adjustment Strike,41.2,15%,,,BAS Excluded,0.00,,
 Laboratorio de Resbaladicidad SL,4046.0,12/03/2024,12/03/2024,WL061,20.0,New Style Rear Leg Attach Knob,11.53,15%,,,BAS Excluded,0.00,,
 Bunnings Warehouse,4060.0,22/03/2024,22/03/2024,WC014,80.0,Microfibre Clean Cloth- Multic,0.4545,0%,,,BAS Excluded,3.64,,
 Bunnings Warehouse,4062.0,22/03/2024,22/03/2024,WC014,120.0,Microfibre Clean Cloth- Multic,0.454583,0%,,,BAS Excluded,5.45,,
 Bunnings Warehouse,4081.0,01/04/2024,01/04/2024,GA013,1.0,Safety - Gloves,6.89,0%,,,BAS Excluded,.69,,
 Bunnings Warehouse,4081.0,01/04/2024,01/04/2024,GA022,4.0,Wet Floor Sign,8.555,0%,,,BAS Excluded,3.42,,
 Bunnings Warehouse,4081.0,01/04/2024,01/04/2024,WC021,3.0,WD10-275G,8.616667,0%,,,BAS Excluded,2.59,,
 Bunnings Warehouse,4081.0,01/04/2024,01/04/2024,WC002,1.0,Packaging- Scotch Tape,4.84,0%,,,BAS Excluded,.48,,
 Bunnings Warehouse,4081.0,01/04/2024,01/04/2024,WC014,100.0,Microfibre Clean Cloth- Multic,0.4545,0%,,,BAS Excluded,4.55,,
 Action Aluminium QLD Pty Ltd,4083.0,04/04/2024,04/04/2024,GA018,30.0,Conditioning Board Plate,14.585667,0%,,,BAS Excluded,43.76,,
 Action Aluminium QLD Pty Ltd,4083.0,04/04/2024,04/04/2024,B005,9.0,Wessex Tortus Verif Kit,31.144444,0%,,,BAS Excluded,0.00,,
 Smithers MSE Limited,4087.0,10/04/2024,10/04/2024,TC001,30.0,Slider 96 (4S) Rubber Sliders,88.44,0%,,,BAS Excluded,0.00,,
 Smithers MSE Limited,4087.0,10/04/2024,10/04/2024,TC002,10.0,Slider 55 (TRL) Rubber Slider,88.44,0%,,,BAS Excluded,0.00,,
 ebay,4092.0,11/04/2024,11/04/2024,WSX009,3.0,Wessex Tortus 3 Charger Unit,116.316667,0%,,,BAS Excluded,34.9,,
 Tork Signs,4110.0,24/04/2024,24/04/2024,P011,168.0,Sticker-GPC Sample,2.05,0%,,,BAS Excluded,34.44,,
 Tork Signs,4110.0,24/04/2024,24/04/2024,P009,12.0,Sticker- Wet Floor Sign,13.54,0%,,,BAS Excluded,16.25,,
 Smithers MSE Limited,4111.0,24/04/2024,24/04/2024,TC001,15.0,Slider 96 (4S) Rubber Sliders,88.34,0%,,,BAS Excluded,0.00,,
 Smithers MSE Limited,4111.0,24/04/2024,24/04/2024,TC002,5.0,Slider 55 (TRL) Rubber Slider,88.34,0%,,,BAS Excluded,0.00,,
 Daxon Fabrication,4114.0,24/04/2024,24/04/2024,GA018,10.0,Conditioning Board Plate,102.0,0%,,,BAS Excluded,102,,
 Australia Post,4115.0,24/04/2024,24/04/2024,WC010,20.0,Pack-S Padded Satchel125x160mm,1.1724,25.58%,,,BAS Excluded,1.75,,
 Australia Post,4115.0,24/04/2024,24/04/2024,WC012,7.0,Pack-L Padded Satchel265x380mm,1.991429,0%,,,BAS Excluded,1.39,,
 Australia Post,4115.0,24/04/2024,24/04/2024,WC013,3.0,Pack-XL Tough Bag 400x659mm,2.173333,0%,,,BAS Excluded,.65,,
 Office Works,4116.0,24/04/2024,24/04/2024,GA002,3.0,Clipboard -Wet,4.99,0%,,,BAS Excluded,1.5,,
 Bunnings Warehouse,4118.0,24/04/2024,24/04/2024,GA020,3.0,Flat Bed Trolley,48.616667,0%,,,BAS Excluded,14.59,,
 Bunnings Warehouse,4118.0,24/04/2024,24/04/2024,WC021,2.0,WD10-275G,9.075,0%,,,BAS Excluded,1.81,,
 Bunnings Warehouse,4118.0,24/04/2024,24/04/2024,GA022,1.0,Wet Floor Sign,9.0,0%,,,BAS Excluded,.9,,
 Bunnings Warehouse,4118.0,24/04/2024,24/04/2024,WC001,3.0,Superglue- Powerflex Gel Contr,6.273333,0%,,,BAS Excluded,1.88,,
 Bunnings Warehouse,4118.0,24/04/2024,24/04/2024,GA026,10.0,Spray Bottle,4.527,0%,,,BAS Excluded,4.53,,
 Bunnings Warehouse,4118.0,24/04/2024,24/04/2024,GA008,4.0,Trolly Base Cups - Large,3.1275,0%,,,BAS Excluded,1.25,,
 Bunnings Warehouse,4118.0,24/04/2024,24/04/2024,GA007,8.0,Trolly Base Cups-Small,2.31875,0%,,,BAS Excluded,1.85,,
 Bunnings Warehouse,4118.0,24/04/2024,24/04/2024,GA004,4.0,Doorstop,1.59,0%,,,BAS Excluded,.64,,
 Total Tools,4119.0,24/04/2024,24/04/2024,GA023,2.0,Digital Site Level,159.09,0%,,,BAS Excluded,31.82,,
 Versatex Trading Pty Ltd,4169.0,20/05/2024,20/05/2024,WL005,1.0,WammaLab Pendulum Base (refurb,64.0,0%,,,BAS Excluded,6.4,,
 Versatex Trading Pty Ltd,4169.0,20/05/2024,20/05/2024,WL006,1.0,WammaLab Pendulum Rear Leg,180.0,0%,,,BAS Excluded,18,,
 Bunnings Warehouse,4178.0,28/05/2024,28/05/2024,WC014,160.0,Microfibre Clean Cloth- Multic,0.454563,0%,,,BAS Excluded,7.27,,
 Bunnings Warehouse,4178.0,28/05/2024,28/05/2024,WC001,2.0,Superglue- Powerflex Gel Contr,9.06,0%,,,BAS Excluded,1.82,,
 Bunnings Warehouse,4178.0,28/05/2024,28/05/2024,GA022,3.0,Wet Floor Sign,9.0,0%,,,BAS Excluded,2.7,,
 Bunnings Warehouse,4178.0,28/05/2024,28/05/2024,TC013,1.0,Double Sided Tape-Control Test,8.67,0%,,,BAS Excluded,.86,,
 Bunnings Warehouse,4178.0,28/05/2024,28/05/2024,GA013,2.0,Safety - Gloves,7.255,0%,,,BAS Excluded,1.45,,
 Bunnings Warehouse,4178.0,28/05/2024,28/05/2024,GA026,7.0,Spray Bottle,4.527143,0%,,,BAS Excluded,3.17,,
 Bunnings Warehouse,4178.0,28/05/2024,28/05/2024,GA008,9.0,Trolly Base Cups - Large,3.126667,0%,,,BAS Excluded,2.82,,
 Australian Boating Supplies ,4172.0,29/05/2024,29/05/2024,WC022,4.0,Nevr-Dull Wadding Polish,21.4375,0%,,,BAS Excluded,8.57,,
 Smithers MSE Limited,4195.0,07/06/2024,07/06/2024,TC001,13.0,Slider 96 (4S) Rubber Sliders,86.88,0%,,,BAS Excluded,0.00,,
 Smithers MSE Limited,4195.0,07/06/2024,07/06/2024,TC002,8.0,Slider 55 (TRL) Rubber Slider,86.88,0%,,,BAS Excluded,0.00,,
 Coles Supermarkets Australia Pty Ltd,4218.0,14/06/2024,14/06/2024,WC025,4.0,Demineralised Water -5L,1.8175,0%,,,BAS Excluded,.73,,
 Bunnings Warehouse,4220.0,14/06/2024,14/06/2024,WC020,2.0,Turpentine-1L,5.435,0%,,,BAS Excluded,1.09,,
 Bunnings Warehouse,4220.0,14/06/2024,14/06/2024,WC019,2.0,Methylated Spirits-1L,5.14,0%,,,BAS Excluded,1.02,,
 Laboratorio de Resbaladicidad SL,4207.0,18/06/2024,18/06/2024,WL001,1.0,WammaLab Pendulum,,0%,,,BAS Excluded,0.00,,
 Laboratorio de Resbaladicidad SL,4207.0,18/06/2024,18/06/2024,TC001,2.0,Slider 96 (4S) Rubber Sliders,0.0,0%,,,BAS Excluded,0.00,,
 Laboratorio de Resbaladicidad SL,4207.0,18/06/2024,18/06/2024,TC004,40.0,Slider Backing Plate,21.81,15%,,,BAS Excluded,0.00,,
 Laboratorio de Resbaladicidad SL,4207.0,18/06/2024,18/06/2024,WL018,2.0,WammaLab Pointer Counter B Rng,119.111765,15%,,,BAS Excluded,0.00,,
 Laboratorio de Resbaladicidad SL,4207.0,18/06/2024,18/06/2024,WL021,2.0,WammaLab Pendulum Pointer,109.952941,15%,,,BAS Excluded,0.00,,
 Laboratorio de Resbaladicidad SL,4207.0,18/06/2024,18/06/2024,WL060,6.0,WammaLab Pendul Spndle Fnt Nut,11.180392,15%,,,BAS Excluded,0.00,,
 Laboratorio de Resbaladicidad SL,4207.0,18/06/2024,18/06/2024,WL044,2.0,WammaLab Pen Slder Msure Tool ,58.994118,15%,,,BAS Excluded,0.00,,
 Laboratorio de Resbaladicidad SL,4207.0,18/06/2024,18/06/2024,WL053,1.0,WammaLab Pend Centre Spindle,205.541176,15%,,,BAS Excluded,0.00,,
 Clark Rubber,4217.0,20/06/2024,20/06/2024,GA019,54.0,Conditioning Board Feet,1.95463,0%,,,BAS Excluded,10.55,,
 Bunnings Warehouse,4219.0,20/06/2024,20/06/2024,WC024,2.0,Spray Glue,26.355,0%,,,BAS Excluded,5.27,,
 Smithers MSE Limited,4223.0,21/06/2024,21/06/2024,TC001,28.0,Slider 96 (4S) Rubber Sliders,87.37,0%,,,BAS Excluded,0.00,,
 Hiro Industrial Sewing Services,4233.0,26/06/2024,26/06/2024,WS033,2.0,Wessex Tortus Carry Bag,247.5,0%,,,BAS Excluded,0.00,,
 Bunnings Warehouse,4252.0,26/06/2024,26/06/2024,GA020,3.0,Flat Bed Trolley,36.173333,0%,,,BAS Excluded,10.85,,
 Bunnings Warehouse,4252.0,26/06/2024,26/06/2024,GA015,6.0,Safety- Traffic Cones,10.681667,0%,,,BAS Excluded,6.41,,
 Bunnings Warehouse,4252.0,26/06/2024,26/06/2024,WC014,60.0,Microfibre Clean Cloth- Multic,0.4545,0%,,,BAS Excluded,2.73,,
 Bunnings Warehouse,4252.0,26/06/2024,26/06/2024,WC021,4.0,WD10-275G,9.0725,0%,,,BAS Excluded,3.63,,
 Bunnings Warehouse,4252.0,26/06/2024,26/06/2024,WC001,1.0,Superglue- Powerflex Gel Contr,9.07,0%,,,BAS Excluded,.9,,
 Bunnings Warehouse,4252.0,26/06/2024,26/06/2024,TC013,3.0,Double Sided Tape-Control Test,8.663333,0%,,,BAS Excluded,2.6,,
 Bunnings Warehouse,4252.0,26/06/2024,26/06/2024,GA008,5.0,Trolly Base Cups - Large,3.126,0%,,,BAS Excluded,1.57,,
 Bunnings Warehouse,4252.0,26/06/2024,26/06/2024,GA007,9.0,Trolly Base Cups-Small,2.318889,0%,,,BAS Excluded,2.08,,
 Australia Post,4254.0,03/07/2024,03/07/2024,WC010,10.0,Pack-S Padded Satchel125x160mm,1.173,0%,,,BAS Excluded,1.17,,
 Australia Post,4254.0,03/07/2024,03/07/2024,WC011,10.0,Pack-M Padded Satchel151x229mm,1.263,0%,,,BAS Excluded,1.27,,
 Australia Post,4254.0,03/07/2024,03/07/2024,WC012,5.0,Pack-L Padded Satchel265x380mm,2.0,0%,,,BAS Excluded,1,,
 Laboratorio de Resbaladicidad SL,4264.0,09/07/2024,09/07/2024,WL049,2.0,WammaLab Pendulum Sample Holde,580.617647,15%,,,BAS Excluded,0.00,,
 ebay,4265.0,15/07/2024,15/07/2024,GA005,10.0,Digital Site Thermometer,9.045,0%,,,BAS Excluded,9.05,,
 ebay,4326.0,15/07/2024,15/07/2024,GA005,10.0,Digital Site Thermometer,8.591,0%,,,BAS Excluded,8.59,,
 Smithers MSE Limited,4289.0,26/07/2024,26/07/2024,TC001,18.0,Slider 96 (4S) Rubber Sliders,86.54,0%,,,BAS Excluded,0.00,,
 Smithers MSE Limited,4289.0,26/07/2024,26/07/2024,TC002,5.0,Slider 55 (TRL) Rubber Slider,86.54,0%,,,BAS Excluded,0.00,,
 Bunnings Warehouse,4319.0,02/08/2024,02/08/2024,WC014,100.0,Microfibre Clean Cloth- Multic,0.4545,0%,,,BAS Excluded,4.55,,
 Bunnings Warehouse,4319.0,02/08/2024,02/08/2024,WC021,3.0,WD10-275G,9.073333,0%,,,BAS Excluded,2.72,,
 Bunnings Warehouse,4319.0,02/08/2024,02/08/2024,TC013,3.0,Double Sided Tape-Control Test,8.663333,0%,,,BAS Excluded,2.6,,
 Bunnings Warehouse,4319.0,02/08/2024,02/08/2024,GA003,3.0,Dry Testing Microfibre Cloth,1.513333,0%,,,BAS Excluded,.45,,
 Bunnings Warehouse,4319.0,02/08/2024,02/08/2024,GA026,5.0,Spray Bottle,4.528,0%,,,BAS Excluded,2.26,,
 Bunnings Warehouse,4319.0,02/08/2024,02/08/2024,F042,2.0,Gen Anc Troll Cup Nut M8,3.89,0%,,,BAS Excluded,.78,,
 Laboratorio de Resbaladicidad SL,4335.0,12/08/2024,12/08/2024,WL001,1.0,WammaLab Pendulum,,0%,,,BAS Excluded,0.00,,
 Office Works,4343.0,16/08/2024,16/08/2024,WC005,2.0,Packaging- Bubble Wrap,24.89,0%,,,BAS Excluded,4.98,,
 Office Works,4350.0,16/08/2024,16/08/2024,WC005,1.0,Packaging- Bubble Wrap,10.25,0%,,,BAS Excluded,1.03,,
 Clark Rubber,4354.0,22/08/2024,22/08/2024,GA019,60.0,Conditioning Board Feet,1.856833,0%,,,BAS Excluded,11.14,,
 Spectra Automotive Paints,4368.0,27/08/2024,27/08/2024,TC005,25.0,Verif -P400 Paper(Pack of 10),6.3636,0%,,,BAS Excluded,15.91,,
 RS Components Pty Ltd,4369.0,27/08/2024,27/08/2024,TC006,50.0,Verif- 3M Pink Lap Film (P 10 ,31.332,0%,,,BAS Excluded,156.66,,
 Tork Signs,4375.0,28/08/2024,28/08/2024,P009,20.0,Sticker- Wet Floor Sign,13.54,0%,,,BAS Excluded,27.08,,
 Crystal White ,4373.0,29/08/2024,29/08/2024,GA025,12.0,Blue Mop Head,17.0225,0%,,,BAS Excluded,20.43,,
 Bunnings Warehouse,4380.0,29/08/2024,29/08/2024,WC014,120.0,Microfibre Clean Cloth- Multic,0.454583,0%,,,BAS Excluded,5.45,,
 Bunnings Warehouse,4380.0,29/08/2024,29/08/2024,GA022,10.0,Wet Floor Sign,8.554,0%,,,BAS Excluded,8.56,,
 Anaconda Group Pty Ltd,4391.0,30/08/2024,30/08/2024,GA027,5.0,Testing Tool,18.172,0%,,,BAS Excluded,9.09,,
 Bunnings Warehouse,4392.0,30/08/2024,30/08/2024,WC001,2.0,Superglue- Powerflex Gel Contr,9.065,0%,,,BAS Excluded,1.81,,
 Bunnings Warehouse,4392.0,30/08/2024,30/08/2024,WC002,4.0,Packaging- Scotch Tape,4.09,0%,,,BAS Excluded,1.64,,
 Bunnings Warehouse,4392.0,30/08/2024,30/08/2024,GA026,10.0,Spray Bottle,3.636,0%,,,BAS Excluded,3.64,,
 Archive Boxes Australia,4393.0,30/08/2024,30/08/2024,WC026,10.0,Administration Archive Box,12.682,0%,,,BAS Excluded,12.68,,
 Office Works,4396.0,02/09/2024,02/09/2024,GA002,10.0,Clipboard -Wet,4.991,0%,,,BAS Excluded,4.99,,
 Smithers MSE Limited,4428.0,25/09/2024,25/09/2024,TC001,40.0,Slider 96 (4S) Rubber Sliders,89.21,0%,,,BAS Excluded,0.00,,
 Smithers MSE Limited,4428.0,25/09/2024,25/09/2024,TC002,4.0,Slider 55 (TRL) Rubber Slider,89.21,0%,,,BAS Excluded,0.00,,
 Total Tools,4457.0,02/10/2024,02/10/2024,GA023,2.0,Digital Site Level,159.09,0%,,,BAS Excluded,31.82,,
 Australia Post,4458.0,02/10/2024,02/10/2024,WC010,10.0,Pack-S Padded Satchel125x160mm,1.182,0%,,,BAS Excluded,1.18,,
 Bunnings Warehouse,4459.0,02/10/2024,02/10/2024,GA020,3.0,Flat Bed Trolley,44.363333,0%,,,BAS Excluded,13.31,,
 Bunnings Warehouse,4459.0,02/10/2024,02/10/2024,WC014,120.0,Microfibre Clean Cloth- Multic,0.454583,0%,,,BAS Excluded,5.45,,
 Bunnings Warehouse,4459.0,02/10/2024,02/10/2024,GA008,18.0,Trolly Base Cups - Large,3.127222,0%,,,BAS Excluded,5.63,,
 Bunnings Warehouse,4459.0,02/10/2024,02/10/2024,GA007,18.0,Trolly Base Cups-Small,2.363333,0%,,,BAS Excluded,4.26,,
 Smithers MSE Limited,4451.0,03/10/2024,03/10/2024,TC001,36.0,Slider 96 (4S) Rubber Sliders,88.34,0%,,,BAS Excluded,0.00,,
 Smithers MSE Limited,4451.0,03/10/2024,03/10/2024,TC002,2.0,Slider 55 (TRL) Rubber Slider,88.34,0%,,,BAS Excluded,0.00,,
 Laboratorio de Resbaladicidad SL,4472.0,10/10/2024,10/10/2024,WL001,1.0,WammaLab Pendulum,,0%,,,BAS Excluded,0.00,,
 Laboratorio de Resbaladicidad SL,4472.0,10/10/2024,10/10/2024,WL049,1.0,WammaLab Pendulum Sample Holde,580.717647,15%,,,BAS Excluded,0.00,,
 Laboratorio de Resbaladicidad SL,4472.0,10/10/2024,10/10/2024,TC009,3.0,Verif-WL Float Glass,37.329412,15%,,,BAS Excluded,0.00,,
 Laboratorio de Resbaladicidad SL,4472.0,10/10/2024,10/10/2024,TC010,2.0,Verif WL Pavigress Tile,331.841176,15%,,,BAS Excluded,0.00,,
 Laboratorio de Resbaladicidad SL,4472.0,10/10/2024,10/10/2024,WL014,2.0,WammaLab Pendulum Fixing Block,102.2,15%,,,BAS Excluded,0.00,,
 Laboratorio de Resbaladicidad SL,4472.0,10/10/2024,10/10/2024,WL008,3.0,WammaLab Levelling Feet Knob,7.4,15%,,,BAS Excluded,0.00,,
 Laboratorio de Resbaladicidad SL,4472.0,10/10/2024,10/10/2024,WL010,3.0,WammaLab Level Feet Base V2,12.278431,15%,,,BAS Excluded,0.00,,
 Laboratorio de Resbaladicidad SL,4472.0,10/10/2024,10/10/2024,WL061,3.0,WammaLab Pendulum Leg Fix Knob,3.709804,15%,,,BAS Excluded,0.00,,
 Laboratorio de Resbaladicidad SL,4472.0,10/10/2024,10/10/2024,WL009,2.0,WammaLab Pendu level Feet Base,5.458824,15%,,,BAS Excluded,0.00,,
 Laboratorio de Resbaladicidad SL,4472.0,10/10/2024,10/10/2024,WL013,3.0,WammaLab Lvl Feet Lock Nut,4.670588,15%,,,BAS Excluded,0.00,,
 Tork Signs,4468.0,11/10/2024,11/10/2024,P006,120.0,Sticker-Instr Calib (Small),0.208333,0%,,,BAS Excluded,2.5,,
 Tork Signs,4468.0,11/10/2024,11/10/2024,P010,6.0,Sticker - Trolley Box,25.24,0%,,,BAS Excluded,15.14,,
 Tork Signs,4468.0,11/10/2024,11/10/2024,P009,12.0,Sticker- Wet Floor Sign,13.54,0%,,,BAS Excluded,16.25,,
 Smithers MSE Limited,4554.0,16/10/2024,16/10/2024,TC001,24.0,Slider 96 (4S) Rubber Sliders,88.01,0%,,,BAS Excluded,0.00,,
 Smithers MSE Limited,4554.0,16/10/2024,16/10/2024,TC002,7.0,Slider 55 (TRL) Rubber Slider,88.01,0%,,,BAS Excluded,0.00,,
 Bunnings Warehouse,4485.0,18/10/2024,18/10/2024,WC021,3.0,WD10-275G,9.073333,0%,,,BAS Excluded,2.72,,
 Bunnings Warehouse,4503.0,30/10/2024,30/10/2024,GA020,2.0,Flat Bed Trolley,44.365,0%,,,BAS Excluded,8.87,,
 Bunnings Warehouse,4503.0,30/10/2024,30/10/2024,F041,25.0,Gen Anc Troll Cup Bolt M8x40mm,0.5404,0%,,,BAS Excluded,1.35,,
 Bunnings Warehouse,4503.0,30/10/2024,30/10/2024,WC014,80.0,Microfibre Clean Cloth- Multic,0.4545,0%,,,BAS Excluded,3.64,,
 Bunnings Warehouse,4503.0,30/10/2024,30/10/2024,WC001,4.0,Superglue- Powerflex Gel Contr,9.0625,0%,,,BAS Excluded,3.63,,
 Bunnings Warehouse,4503.0,30/10/2024,30/10/2024,GA022,2.0,Wet Floor Sign,9.0,0%,,,BAS Excluded,1.8,,
 Bunnings Warehouse,4503.0,30/10/2024,30/10/2024,GA026,6.0,Spray Bottle,4.528333,0%,,,BAS Excluded,2.71,,
 Bunnings Warehouse,4503.0,30/10/2024,30/10/2024,F043,22.0,Gen Anc Troll Cup Washer M8,0.179545,0%,,,BAS Excluded,.4,,
 Bunnings Warehouse,4503.0,30/10/2024,30/10/2024,F042,10.0,Gen Anc Troll Cup Nut M8,0.389,0%,,,BAS Excluded,.39,,
 Laboratorio de Resbaladicidad SL,4524.0,11/11/2024,11/11/2024,WL001,1.0,WammaLab Pendulum,,0%,,,BAS Excluded,0.00,,
 Bunnings Warehouse,4538.0,20/11/2024,20/11/2024,WC004,1.0,Packaging- Cardboard Roll,22.68,0%,,,BAS Excluded,2.27,,
 Smithers MSE Limited,4556.0,29/11/2024,29/11/2024,TC001,46.0,Slider 96 (4S) Rubber Sliders,89.59,0%,,,BAS Excluded,0.00,,
 Smithers MSE Limited,4556.0,29/11/2024,29/11/2024,TC002,4.0,Slider 55 (TRL) Rubber Slider,89.59,0%,,,BAS Excluded,0.00,,
 Bunnings Warehouse,4557.0,29/11/2024,29/11/2024,WC014,100.0,Microfibre Clean Cloth- Multic,0.4545,0%,,,BAS Excluded,4.55,,
 Bunnings Warehouse,4557.0,29/11/2024,29/11/2024,GA022,3.0,Wet Floor Sign,9.0,0%,,,BAS Excluded,2.7,,
 Bunnings Warehouse,4557.0,29/11/2024,29/11/2024,WC021,3.0,WD10-275G,7.136667,0%,,,BAS Excluded,2.14,,
 Laboratorio de Resbaladicidad SL,4578.0,05/12/2024,05/12/2024,WL001,1.0,WammaLab Pendulum,,0%,,,BAS Excluded,0.00,,
 Laboratorio de Resbaladicidad SL,4578.0,05/12/2024,05/12/2024,WL014,2.0,WammaLab Pendulum Fixing Block,206.617647,15%,,,BAS Excluded,0.00,,
 Anaconda Group Pty Ltd,4614.0,11/12/2024,11/12/2024,GA027,6.0,Testing Tool,22.718333,0%,,,BAS Excluded,13.63,,
 Smithers MSE Limited,4611.0,24/12/2024,24/12/2024,TC001,10.0,Slider 96 (4S) Rubber Sliders,89.16,0%,,,BAS Excluded,0.00,,
 Australia Post,4615.0,30/12/2024,30/12/2024,WC012,5.0,Pack-L Padded Satchel265x380mm,2.0,0%,,,BAS Excluded,1,,
 Australia Post,4615.0,30/12/2024,30/12/2024,WC010,10.0,Pack-S Padded Satchel125x160mm,1.182,0%,,,BAS Excluded,1.18,,
 Bunnings Warehouse,4616.0,31/12/2024,31/12/2024,GA020,3.0,Flat Bed Trolley,48.616667,0%,,,BAS Excluded,14.59,,
 Bunnings Warehouse,4616.0,31/12/2024,31/12/2024,WC024,2.0,Spray Glue,27.15,0%,,,BAS Excluded,5.42,,
 Bunnings Warehouse,4616.0,31/12/2024,31/12/2024,WC014,100.0,Microfibre Clean Cloth- Multic,0.4545,0%,,,BAS Excluded,4.55,,
 Bunnings Warehouse,4616.0,31/12/2024,31/12/2024,WC001,5.0,Superglue- Powerflex Gel Contr,9.064,0%,,,BAS Excluded,4.53,,
 Bunnings Warehouse,4616.0,31/12/2024,31/12/2024,GA008,6.0,Trolly Base Cups - Large,3.126667,0%,,,BAS Excluded,1.88,,
 Bunnings Warehouse,4616.0,31/12/2024,31/12/2024,GA007,7.0,Trolly Base Cups-Small,2.272857,0%,,,BAS Excluded,1.59,,
 Bunnings Warehouse,4616.0,31/12/2024,31/12/2024,GA004,3.0,Doorstop,1.59,0%,,,BAS Excluded,.48,,
 Laboratorio de Resbaladicidad SL,4624.0,10/01/2025,10/01/2025,WL001,1.0,WammaLab Pendulum,,0%,,,BAS Excluded,0.00,,
 Amazon Commercial Services Pty Ltd,4655.0,20/01/2025,20/01/2025,WSX009,6.0,Wessex Tortus Charger Unit,67.773333,0%,,,BAS Excluded,40.66,,
 Bunnings Warehouse,4705.0,27/01/2025,27/01/2025,WC014,100.0,Microfibre Clean Cloth- Multic,0.4545,0%,,,BAS Excluded,4.55,,
 Bunnings Warehouse,4705.0,27/01/2025,27/01/2025,WC021,4.0,WD10-275G,8.62,0%,,,BAS Excluded,3.44,,
 Bunnings Warehouse,4703.0,30/01/2025,30/01/2025,GA026,2.0,Spray Bottle,4.525,0%,,,BAS Excluded,.91,,
 Anaconda Group Pty Ltd,4704.0,30/01/2025,30/01/2025,GA027,1.0,Testing Tool,22.72,0%,,,BAS Excluded,2.27,,
 Office Works,4688.0,03/02/2025,03/02/2025,GA002,4.0,Clipboard -Wet,4.7375,0%,,,BAS Excluded,1.89,,
 Smithers MSE Limited,4708.0,07/02/2025,07/02/2025,TC001,26.0,Slider 96 (4S) Rubber Sliders,90.96,0%,,,BAS Excluded,0.00,,
 Laboratorio de Resbaladicidad SL,4709.0,10/02/2025,10/02/2025,WL001,1.0,WammaLab Pendulum,,0%,,,BAS Excluded,0.00,,
 Bunnings Warehouse,4722.0,13/02/2025,13/02/2025,WC014,20.0,Microfibre Clean Cloth- Multic,0.4545,0%,,,BAS Excluded,.91,,
 Bunnings Warehouse,4722.0,13/02/2025,13/02/2025,GA026,1.0,Spray Bottle,4.53,0%,,,BAS Excluded,.45,,
 Anaconda Group Pty Ltd,4723.0,13/02/2025,13/02/2025,GA027,1.0,Testing Tool,22.72,0%,,,BAS Excluded,2.27,,
 Bunnings Warehouse,4726.0,20/02/2025,20/02/2025,WC001,5.0,Superglue- Powerflex Gel Contr,9.064,0%,,,BAS Excluded,4.53,,
 Bunnings Warehouse,4726.0,20/02/2025,20/02/2025,GA026,10.0,Spray Bottle,4.527,0%,,,BAS Excluded,4.53,,
 Australian Boating Supplies ,4728.0,21/02/2025,21/02/2025,WC022,4.0,Nevr-Dull Wadding Polish,27.09,0%,,,BAS Excluded,10.84,,
 Bunnings Warehouse,4734.0,26/02/2025,26/02/2025,GA020,3.0,Flat Bed Trolley,48.616667,0%,,,BAS Excluded,14.59,,
 Bunnings Warehouse,4734.0,26/02/2025,26/02/2025,GA015,1.0,Safety- Traffic Cones,12.69,0%,,,BAS Excluded,1.26,,
 Bunnings Warehouse,4734.0,26/02/2025,26/02/2025,F043,50.0,Gen Anc Troll Cup Washer M8,0.1562,0%,,,BAS Excluded,.79,,
 Bunnings Warehouse,4734.0,26/02/2025,26/02/2025,F042,20.0,Gen Anc Troll Cup Nut M8,0.3895,0%,,,BAS Excluded,.77,,
 Bunnings Warehouse,4734.0,26/02/2025,26/02/2025,GA008,9.0,Trolly Base Cups - Large,3.126667,0%,,,BAS Excluded,2.82,,
 Bunnings Warehouse,4734.0,26/02/2025,26/02/2025,GA007,11.0,Trolly Base Cups-Small,2.272727,0%,,,BAS Excluded,2.5,,
 Bunnings Warehouse,4734.0,26/02/2025,26/02/2025,GA003,3.0,Dry Testing Microfibre Cloth,1.513333,0%,,,BAS Excluded,.45,,
 Total Tools,4735.0,26/02/2025,26/02/2025,GA023,2.0,Digital Site Level,159.09,0%,,,BAS Excluded,31.82,,
 Bunnings Warehouse,4764.0,04/03/2025,04/03/2025,GA026,2.0,Spray Bottle,4.525,0%,,,BAS Excluded,.91,,
 Laboratorio de Resbaladicidad SL,4769.0,06/03/2025,06/03/2025,WL001,2.0,WammaLab Pendulum,,0%,,,BAS Excluded,0.00,,
 Laboratorio de Resbaladicidad SL,4769.0,06/03/2025,06/03/2025,WL049,1.0,WammaLab Pendulum Sample Holde,504.0,15%,,,BAS Excluded,0.00,,
 Laboratorio de Resbaladicidad SL,4769.0,06/03/2025,06/03/2025,TC010,1.0,Verif WL Pavigress Tile,144.0,15%,,,BAS Excluded,0.00,,
 Laboratorio de Resbaladicidad SL,4769.0,06/03/2025,06/03/2025,TC009,2.0,Verif-WL Float Glass,40.0,15%,,,BAS Excluded,0.00,,
 Luggage Direct,4768.0,10/03/2025,10/03/2025,GA021,3.0,Wet Ancillary Hard Case,199.09,0%,,,BAS Excluded,59.73,,
 Battery Wolrd Capalaba,4763.0,18/03/2025,18/03/2025,WSX010,3.0,Wessex Tortus Battery Pack,122.273333,0%,,,BAS Excluded,36.68,,
 Australia Post,4777.0,20/03/2025,20/03/2025,WC010,20.0,Pack-S Padded Satchel125x160mm,1.181989,25.38%,,,BAS Excluded,1.76,,
 Bunnings Warehouse,4799.0,28/03/2025,28/03/2025,F041,25.0,Gen Anc Troll Cup Bolt M8x40mm,0.5692,0%,,,BAS Excluded,1.42,,
 Bunnings Warehouse,4799.0,28/03/2025,28/03/2025,GA022,4.0,Wet Floor Sign,9.0,0%,,,BAS Excluded,3.6,,
 Bunnings Warehouse,4799.0,28/03/2025,28/03/2025,WC014,100.0,Microfibre Clean Cloth- Multic,0.4477,0%,,,BAS Excluded,4.48,,
 Bunnings Warehouse,4799.0,28/03/2025,28/03/2025,GA008,6.0,Trolly Base Cups - Large,3.126667,0%,,,BAS Excluded,1.88,,
 Bunnings Warehouse,4799.0,28/03/2025,28/03/2025,GA007,6.0,Trolly Base Cups-Small,2.273333,0%,,,BAS Excluded,1.36,,
 Bunnings Warehouse,4799.0,28/03/2025,28/03/2025,GA004,2.0,Doorstop,1.59,0%,,,BAS Excluded,.32,,
 Total Tools,4804.0,01/04/2025,01/04/2025,GA023,2.0,Digital Site Level,199.09,0%,,,BAS Excluded,39.82,,
 Anaconda Group Pty Ltd,4805.0,01/04/2025,01/04/2025,GA027,2.0,Testing Tool,18.175,0%,,,BAS Excluded,3.63,,
 Bunnings Warehouse,4885.0,01/04/2025,01/04/2025,WC014,60.0,Microfibre Clean Cloth- Multic,0.447667,0%,,,BAS Excluded,2.69,,
 Bunnings Warehouse,4885.0,01/04/2025,01/04/2025,GA026,3.0,Spray Bottle,4.53,0%,,,BAS Excluded,1.35,,
 Laboratorio de Resbaladicidad SL,4815.0,02/04/2025,02/04/2025,WL021,6.0,WammaLab Pendulum Pointer,115.619608,15%,,,BAS Excluded,0.00,,
 Laboratorio de Resbaladicidad SL,4815.0,02/04/2025,02/04/2025,WL042,12.0,WammaLab Pendulum Slider Sprin,5.859804,15%,,,BAS Excluded,0.00,,
 Laboratorio de Resbaladicidad SL,4815.0,02/04/2025,02/04/2025,F025,2.0,WL Pen Nut M10x30mm,0.252941,15%,,,BAS Excluded,0.00,,
 Laboratorio de Resbaladicidad SL,4815.0,02/04/2025,02/04/2025,F026,2.0,WL Pen Flat Washer M10x20mm,0.570588,15%,,,BAS Excluded,0.00,,
 Laboratorio de Resbaladicidad SL,4815.0,02/04/2025,02/04/2025,WL010,6.0,WammaLab Level Feet Base V2,72.17451,15%,,,BAS Excluded,0.00,,
 Smithers MSE Limited,4807.0,04/04/2025,04/04/2025,TC001,6.0,Slider 96 (4S) Rubber Sliders,97.31,0%,,,BAS Excluded,0.00,,
 Smithers MSE Limited,4807.0,04/04/2025,04/04/2025,TC002,16.0,Slider 55 (TRL) Rubber Slider,97.31,0%,,,BAS Excluded,0.00,,
 Smithers MSE Limited,4808.0,04/04/2025,04/04/2025,TC002,1.0,Slider 55 (TRL) Rubber Slider,63.11,0%,,,BAS Excluded,0.00,,
 Smithers MSE Limited,4809.0,04/04/2025,04/04/2025,TC002,1.0,Slider 55 (TRL) Rubber Slider,63.11,0%,,,BAS Excluded,0.00,,
 Smithers MSE Limited,4810.0,04/04/2025,04/04/2025,TC002,6.0,Slider 55 (TRL) Rubber Slider,63.11,0%,,,BAS Excluded,0.00,,
 Smithers MSE Limited,4811.0,04/04/2025,04/04/2025,TC002,4.0,Slider 55 (TRL) Rubber Slider,-63.11,0%,,,BAS Excluded,0.00,,
 Archive Boxes Australia,4828.0,11/04/2025,11/04/2025,WC026,10.0,Administration Archive Box,13.591,0%,,,BAS Excluded,13.59,,
 ebay,4886.0,01/05/2025,01/05/2025,GA005,10.0,Digital Site Thermometer,8.135997,5.03%,,,BAS Excluded,7.73,,
 Tork Signs,4891.0,01/05/2025,01/05/2025,P011,224.0,Sticker-GPC Sample,2.68,0%,,,BAS Excluded,60.03,,
 Tork Signs,4891.0,01/05/2025,01/05/2025,P005,120.0,Sticker-GES (Small),0.25,0%,,,BAS Excluded,3,,
 Tork Signs,4891.0,01/05/2025,01/05/2025,P007,119.0,Sticker-General Equpiment,1.45,0%,,,BAS Excluded,17.26,,
 Bunnings Warehouse,4894.0,02/05/2025,02/05/2025,WC014,140.0,Microfibre Clean Cloth- Multic,0.454571,0%,,,BAS Excluded,6.36,,
 Bunnings Warehouse,4894.0,02/05/2025,02/05/2025,GA003,3.0,Dry Testing Microfibre Cloth,1.51,0%,,,BAS Excluded,.46,,
 Bunnings Warehouse,4894.0,02/05/2025,02/05/2025,GA026,10.0,Spray Bottle,4.528,0%,,,BAS Excluded,4.52,,
 Bunnings Warehouse,4894.0,02/05/2025,02/05/2025,GA004,1.0,Doorstop,1.59,0%,,,BAS Excluded,.16,,
 Smithers MSE Limited,4889.0,06/05/2025,06/05/2025,TC001,30.0,Slider 96 (4S) Rubber Sliders,101.12,0%,,,BAS Excluded,0.00,,
 Smithers MSE Limited,4889.0,06/05/2025,06/05/2025,TC002,17.0,Slider 55 (TRL) Rubber Slider,101.12,0%,,,BAS Excluded,0.00,,
 Santos Online Supplies,4902.0,16/05/2025,16/05/2025,GA024,5.0,Telescopic Mop Handle,11.772,0%,,,BAS Excluded,5.89,,
 Laboratorio de Resbaladicidad SL,4890.0,19/05/2025,19/05/2025,WL001,2.0,WammaLab Pendulum,,0%,,,BAS Excluded,0.00,,
 Laboratorio de Resbaladicidad SL,4890.0,19/05/2025,19/05/2025,WL049,1.0,WammaLab Pendulum Sample Holde,634.164706,15%,,,BAS Excluded,0.00,,
 Laboratorio de Resbaladicidad SL,4890.0,19/05/2025,19/05/2025,TC009,2.0,Verif-WL Float Glass,40.758824,15%,,,BAS Excluded,0.00,,
 Laboratorio de Resbaladicidad SL,4890.0,19/05/2025,19/05/2025,TC010,1.0,Verif WL Pavigress Tile,181.188235,15%,,,BAS Excluded,0.00,,
 Laboratorio de Resbaladicidad SL,4890.0,19/05/2025,19/05/2025,TC004,10.0,Slider Backing Plate,22.630588,15%,,,BAS Excluded,0.00,,
 Bunnings Warehouse,4940.0,25/05/2025,25/05/2025,WC014,160.0,Microfibre Clean Cloth- Multic,0.454563,0%,,,BAS Excluded,7.27,,
 Laboratorio de Resbaladicidad SL,4912.0,28/05/2025,28/05/2025,WL001,1.0,WammaLab Pendulum,,0%,,,BAS Excluded,0.00,,
 Laboratorio de Resbaladicidad SL,4912.0,28/05/2025,28/05/2025,TC010,1.0,Verif WL Pavigress Tile,181.19,0%,,,BAS Excluded,0.00,,
 Laboratorio de Resbaladicidad SL,4912.0,28/05/2025,28/05/2025,TC009,2.0,Verif-WL Float Glass,85.26,0%,,,BAS Excluded,0.00,,
 Versatex Trading Pty Ltd,4943.0,06/06/2025,06/06/2025,WL005,1.0,WammaLab Pendulum Base (refurb,64.0,0%,,,BAS Excluded,6.4,,
 Versatex Trading Pty Ltd,4943.0,06/06/2025,06/06/2025,WL006,1.0,WammaLab Pendulum Rear Leg,180.0,0%,,,BAS Excluded,18,,
 Laboratorio de Resbaladicidad SL,4945.0,11/06/2025,11/06/2025,WL001,1.0,WammaLab Pendulum,,0%,,,BAS Excluded,0.00,,
 Laboratorio de Resbaladicidad SL,4945.0,11/06/2025,11/06/2025,TC004,40.0,Slider Backing Plate,21.663529,15%,,,BAS Excluded,73.66,,
 Laboratorio de Resbaladicidad SL,4945.0,11/06/2025,11/06/2025,WL001,1.0,WammaLab Pendulum,,0%,,,BAS Excluded,0.00,,
 Laboratorio de Resbaladicidad SL,4945.0,11/06/2025,11/06/2025,WL029,2.0,WammaLab Penulum Arm,48.611765,15%,,,BAS Excluded,0.00,,
 Laboratorio de Resbaladicidad SL,4945.0,11/06/2025,11/06/2025,WL030,2.0,WammaLab Sprng Tension Assmbly,446.8,15%,,,BAS Excluded,0.00,,
 Smithers MSE Limited,4946.0,11/06/2025,11/06/2025,TC002,9.0,Slider 55 (TRL) Rubber Slider,98.33,0%,,,BAS Excluded,0.00,,
 Bunnings Warehouse,4949.0,12/06/2025,12/06/2025,WC021,3.0,WD10-275G,9.073333,0%,,,BAS Excluded,2.72,,
 Bunnings Warehouse,4949.0,12/06/2025,12/06/2025,WC001,4.0,Superglue- Powerflex Gel Contr,9.0725,0%,,,BAS Excluded,3.63,,
 Bunnings Warehouse,4949.0,12/06/2025,12/06/2025,WC020,1.0,Turpentine-1L,5.32,0%,,,BAS Excluded,.53,,
 Bunnings Warehouse,4949.0,12/06/2025,12/06/2025,WC019,1.0,Methylated Spirits-1L,5.22,0%,,,BAS Excluded,.53,,
 Bunnings Warehouse,4949.0,12/06/2025,12/06/2025,GA003,3.0,Dry Testing Microfibre Cloth,1.513333,0%,,,BAS Excluded,.45,,
 Bunnings Warehouse,4949.0,12/06/2025,12/06/2025,GA004,1.0,Doorstop,1.59,0%,,,BAS Excluded,.16,,
 Laboratorio de Resbaladicidad SL,4954.0,12/06/2025,12/06/2025,WL001,1.0,WammaLab Pendulum,,0%,,,BAS Excluded,0.00,,
 Laboratorio de Resbaladicidad SL,4954.0,12/06/2025,12/06/2025,TC010,2.0,Verif WL Pavigress Tile,183.852941,15%,,,BAS Excluded,0.00,,
 Laboratorio de Resbaladicidad SL,4954.0,12/06/2025,12/06/2025,TC009,2.0,Verif-WL Float Glass,36.588235,15%,,,BAS Excluded,0.00,,
 Laboratorio de Resbaladicidad SL,4954.0,12/06/2025,12/06/2025,WL021,3.0,WammaLab Pendulum Pointer,106.101961,15%,,,BAS Excluded,0.00,,
 Laboratorio de Resbaladicidad SL,4954.0,12/06/2025,12/06/2025,WL053,2.0,WammaLab Pend Centre Spindle,198.341176,15%,,,BAS Excluded,0.00,,
 Laboratorio de Resbaladicidad SL,4954.0,12/06/2025,12/06/2025,WL018,2.0,WammaLab Pointer Counter B Rng,114.952941,15%,,,BAS Excluded,0.00,,
 Clark Rubber,4952.0,13/06/2025,13/06/2025,GA019,40.0,Conditioning Board Feet,1.9545,0%,,,BAS Excluded,7.82,,
 Australia Post,4951.0,16/06/2025,16/06/2025,WC010,7.0,Pack-S Padded Satchel125x160mm,1.181429,0%,,,BAS Excluded,.83,,
 Australia Post,4951.0,16/06/2025,16/06/2025,WC011,3.0,Pack-M Padded Satchel151x229mm,1.273333,0%,,,BAS Excluded,.38,,
 Australia Post,4951.0,16/06/2025,16/06/2025,WC012,5.0,Pack-L Padded Satchel265x380mm,2.0,0%,,,BAS Excluded,1,,
 Smithers MSE Limited,2982.0,31/08/2022,31/08/2022,TC002,10.0,Slider 55 (TRL) Rubber Slider,64.12,0%,,,BAS Excluded,0.00,,
 Smithers MSE Limited,2982.0,31/08/2022,31/08/2022,TC001,10.0,Slider 96 (4S) Rubber Sliders,64.12,0%,,,BAS Excluded,0.00,,
 Laboratorio de Resbaladicidad SL,4261.0,09/07/2024,09/07/2024,WL049,2.0,WammaLab Pendulum Sample Holde,580.617647,15%,,,BAS Excluded,0.00,,
 Northside Cleaning and Packaging Supplies,4356.0,22/08/2024,22/08/2024,GA024,12.0,Telescopic Mop Handle,9.8,0%,,,BAS Excluded,11.76,,
 Crystal White ,4465.0,30/09/2024,30/09/2024,GA024,10.0,Telescopic Mop Handle,12.636,0%,,,BAS Excluded,12.64,,
 Smithers MSE Limited,4927.0,02/06/2025,02/06/2025,TC002,5.0,Slider 55 (TRL) Rubber Slider,99.43,0%,,,BAS Excluded,0.00,,
 Smithers MSE Limited,4927.0,02/06/2025,02/06/2025,TC001,23.0,Slider 96 (4S) Rubber Sliders,99.43,0%,,,BAS Excluded,0.00,,
